reading_id,device_id,temperature,humidity,co2,temp_flag,humidity_flag,co2_flag,measured_at,received_at,raw_payload
15992,1,24.41,70.94,809,ok,ok,ok,2026-09-03T14:12:04.224792+00:00,2026-09-03T14:12:04.405810+00:00,"{""co2_ppm"": 809, ""humidity_rh"": 70.93767, ""node"": ""env_01"", ""sensor"": ""scd41_main"", ""temp_c"": 24.40986, ""type"": ""co2_temperature_humidity"", ""uptime_ms"": 1802013, ""wifi_rssi"": -53}"
15995,1,24.39,70.97,808,ok,ok,ok,2026-09-03T14:12:09.267735+00:00,2026-09-03T14:12:09.449708+00:00,"{""co2_ppm"": 808, ""humidity_rh"": 70.96666, ""node"": ""env_01"", ""sensor"": ""scd41_main"", ""temp_c"": 24.38582, ""type"": ""co2_temperature_humidity"", ""uptime_ms"": 1807053, ""wifi_rssi"": -52}"
15998,1,24.40,71.03,807,ok,ok,ok,2026-09-03T14:12:14.304635+00:00,2026-09-03T14:12:14.485006+00:00,"{""co2_ppm"": 807, ""humidity_rh"": 71.03227, ""node"": ""env_01"", ""sensor"": ""scd41_main"", ""temp_c"": 24.39918, ""type"": ""co2_temperature_humidity"", ""uptime_ms"": 1812093, ""wifi_rssi"": -53}"
16001,1,24.40,71.00,806,ok,ok,ok,2026-09-03T14:12:19.344693+00:00,2026-09-03T14:12:19.535625+00:00,"{""co2_ppm"": 806, ""humidity_rh"": 71.00481, ""node"": ""env_01"", ""sensor"": ""scd41_main"", ""temp_c"": 24.39918, ""type"": ""co2_temperature_humidity"", ""uptime_ms"": 1817133, ""wifi_rssi"": -55}"
16004,1,24.40,71.07,807,ok,ok,ok,2026-09-03T14:12:24.384558+00:00,2026-09-03T14:12:24.580287+00:00,"{""co2_ppm"": 807, ""humidity_rh"": 71.06889, ""node"": ""env_01"", ""sensor"": ""scd41_main"", ""temp_c"": 24.39651, ""type"": ""co2_temperature_humidity"", ""uptime_ms"": 1822173, ""wifi_rssi"": -53}"
16007,1,24.38,71.08,808,ok,ok,ok,2026-09-03T14:12:29.428212+00:00,2026-09-03T14:12:29.589976+00:00,"{""co2_ppm"": 808, ""humidity_rh"": 71.075, ""node"": ""env_01"", ""sensor"": ""scd41_main"", ""temp_c"": 24.38315, ""type"": ""co2_temperature_humidity"", ""uptime_ms"": 1827213, ""wifi_rssi"": -54}"
16010,1,24.39,71.09,808,ok,ok,ok,2026-09-03T14:12:34.467350+00:00,2026-09-03T14:12:34.584502+00:00,"{""co2_ppm"": 808, ""humidity_rh"": 71.09178, ""node"": ""env_01"", ""sensor"": ""scd41_main"", ""temp_c"": 24.38582, ""type"": ""co2_temperature_humidity"", ""uptime_ms"": 1832254, ""wifi_rssi"": -52}"
16013,1,24.39,71.13,808,ok,ok,ok,2026-09-03T14:12:39.505490+00:00,2026-09-03T14:12:39.714724+00:00,"{""co2_ppm"": 808, ""humidity_rh"": 71.13298, ""node"": ""env_01"", ""sensor"": ""scd41_main"", ""temp_c"": 24.39384, ""type"": ""co2_temperature_humidity"", ""uptime_ms"": 1837294, ""wifi_rssi"": -58}"
16016,1,24.38,71.14,808,ok,ok,ok,2026-09-03T14:12:44.545532+00:00,2026-09-03T14:12:44.665750+00:00,"{""co2_ppm"": 808, ""humidity_rh"": 71.14061, ""node"": ""env_01"", ""sensor"": ""scd41_main"", ""temp_c"": 24.38048, ""type"": ""co2_temperature_humidity"", ""uptime_ms"": 1842334, ""wifi_rssi"": -57}"
16019,1,24.40,71.20,807,ok,ok,ok,2026-09-03T14:12:49.588754+00:00,2026-09-03T14:12:49.785435+00:00,"{""co2_ppm"": 807, ""humidity_rh"": 71.2047, ""node"": ""env_01"", ""sensor"": ""scd41_main"", ""temp_c"": 24.39651, ""type"": ""co2_temperature_humidity"", ""uptime_ms"": 1847374, ""wifi_rssi"": -63}"
16022,1,24.39,71.17,807,ok,ok,ok,2026-09-03T14:12:54.627381+00:00,2026-09-03T14:12:54.749646+00:00,"{""co2_ppm"": 807, ""humidity_rh"": 71.17265, ""node"": ""env_01"", ""sensor"": ""scd41_main"", ""temp_c"": 24.38582, ""type"": ""co2_temperature_humidity"", ""uptime_ms"": 1852414, ""wifi_rssi"": -53}"
16025,1,24.38,71.20,806,ok,ok,ok,2026-09-03T14:12:59.668882+00:00,2026-09-03T14:12:59.829618+00:00,"{""co2_ppm"": 806, ""humidity_rh"": 71.20317, ""node"": ""env_01"", ""sensor"": ""scd41_main"", ""temp_c"": 24.38048, ""type"": ""co2_temperature_humidity"", ""uptime_ms"": 1857454, ""wifi_rssi"": -55}"
16028,1,24.38,71.22,805,ok,ok,ok,2026-09-03T14:13:04.670292+00:00,2026-09-03T14:13:04.819915+00:00,"{""co2_ppm"": 805, ""humidity_rh"": 71.22148, ""node"": ""env_01"", ""sensor"": ""scd41_main"", ""temp_c"": 24.37781, ""type"": ""co2_temperature_humidity"", ""uptime_ms"": 1862456, ""wifi_rssi"": -56}"
16031,1,24.38,71.29,804,ok,ok,ok,2026-09-03T14:13:09.707472+00:00,2026-09-03T14:13:09.861601+00:00,"{""co2_ppm"": 804, ""humidity_rh"": 71.2871, ""node"": ""env_01"", ""sensor"": ""scd41_main"", ""temp_c"": 24.37514, ""type"": ""co2_temperature_humidity"", ""uptime_ms"": 1867496, ""wifi_rssi"": -55}"
16034,1,24.39,71.25,806,ok,ok,ok,2026-09-03T14:13:14.747299+00:00,2026-09-03T14:13:14.939874+00:00,"{""co2_ppm"": 806, ""humidity_rh"": 71.25353, ""node"": ""env_01"", ""sensor"": ""scd41_main"", ""temp_c"": 24.38582, ""type"": ""co2_temperature_humidity"", ""uptime_ms"": 1872536, ""wifi_rssi"": -53}"
16037,1,24.39,71.29,805,ok,ok,ok,2026-09-03T14:13:19.787248+00:00,2026-09-03T14:13:19.929657+00:00,"{""co2_ppm"": 805, ""humidity_rh"": 71.2871, ""node"": ""env_01"", ""sensor"": ""scd41_main"", ""temp_c"": 24.39116, ""type"": ""co2_temperature_humidity"", ""uptime_ms"": 1877576, ""wifi_rssi"": -53}"
16040,1,24.36,71.29,805,ok,ok,ok,2026-09-03T14:13:24.828701+00:00,2026-09-03T14:13:24.955232+00:00,"{""co2_ppm"": 805, ""humidity_rh"": 71.29168, ""node"": ""env_01"", ""sensor"": ""scd41_main"", ""temp_c"": 24.36446, ""type"": ""co2_temperature_humidity"", ""uptime_ms"": 1882616, ""wifi_rssi"": -53}"
16043,1,24.38,71.36,807,ok,ok,ok,2026-09-03T14:13:29.867240+00:00,2026-09-03T14:13:30.045894+00:00,"{""co2_ppm"": 807, ""humidity_rh"": 71.36492, ""node"": ""env_01"", ""sensor"": ""scd41_main"", ""temp_c"": 24.38048, ""type"": ""co2_temperature_humidity"", ""uptime_ms"": 1887656, ""wifi_rssi"": -54}"
16046,1,24.38,71.36,806,ok,ok,ok,2026-09-03T14:13:34.869381+00:00,2026-09-03T14:13:34.969782+00:00,"{""co2_ppm"": 806, ""humidity_rh"": 71.3634, ""node"": ""env_01"", ""sensor"": ""scd41_main"", ""temp_c"": 24.38315, ""type"": ""co2_temperature_humidity"", ""uptime_ms"": 1892658, ""wifi_rssi"": -53}"
16049,1,24.37,71.35,807,ok,ok,ok,2026-09-03T14:13:39.983692+00:00,2026-09-03T14:13:40.169608+00:00,"{""co2_ppm"": 807, ""humidity_rh"": 71.35119, ""node"": ""env_01"", ""sensor"": ""scd41_main"", ""temp_c"": 24.37247, ""type"": ""co2_temperature_humidity"", ""uptime_ms"": 1897698, ""wifi_rssi"": -53}"
16052,1,24.39,71.40,806,ok,ok,ok,2026-09-03T14:13:44.957658+00:00,2026-09-03T14:13:45.155507+00:00,"{""co2_ppm"": 806, ""humidity_rh"": 71.39849, ""node"": ""env_01"", ""sensor"": ""scd41_main"", ""temp_c"": 24.38582, ""type"": ""co2_temperature_humidity"", ""uptime_ms"": 1902738, ""wifi_rssi"": -54}"
16055,1,24.38,71.43,805,ok,ok,ok,2026-09-03T14:13:50.072769+00:00,2026-09-03T14:13:50.229807+00:00,"{""co2_ppm"": 805, ""humidity_rh"": 71.42901, ""node"": ""env_01"", ""sensor"": ""scd41_main"", ""temp_c"": 24.37781, ""type"": ""co2_temperature_humidity"", ""uptime_ms"": 1907778, ""wifi_rssi"": -52}"
16058,1,24.37,71.45,803,ok,ok,ok,2026-09-03T14:13:55.122726+00:00,2026-09-03T14:13:55.320082+00:00,"{""co2_ppm"": 803, ""humidity_rh"": 71.44884, ""node"": ""env_01"", ""sensor"": ""scd41_main"", ""temp_c"": 24.37247, ""type"": ""co2_temperature_humidity"", ""uptime_ms"": 1912818, ""wifi_rssi"": -53}"
16061,1,24.38,71.47,803,ok,ok,ok,2026-09-03T14:14:00.287675+00:00,2026-09-03T14:14:00.474816+00:00,"{""co2_ppm"": 803, ""humidity_rh"": 71.46563, ""node"": ""env_01"", ""sensor"": ""scd41_main"", ""temp_c"": 24.37514, ""type"": ""co2_temperature_humidity"", ""uptime_ms"": 1917858, ""wifi_rssi"": -53}"
16064,1,24.38,71.45,802,ok,ok,ok,2026-09-03T14:14:05.202695+00:00,2026-09-03T14:14:05.414880+00:00,"{""co2_ppm"": 802, ""humidity_rh"": 71.45342, ""node"": ""env_01"", ""sensor"": ""scd41_main"", ""temp_c"": 24.38315, ""type"": ""co2_temperature_humidity"", ""uptime_ms"": 1922860, ""wifi_rssi"": -53}"
16067,1,24.37,71.49,802,ok,ok,ok,2026-09-03T14:14:10.247892+00:00,2026-09-03T14:14:10.454405+00:00,"{""co2_ppm"": 802, ""humidity_rh"": 71.48699, ""node"": ""env_01"", ""sensor"": ""scd41_main"", ""temp_c"": 24.3698, ""type"": ""co2_temperature_humidity"", ""uptime_ms"": 1927900, ""wifi_rssi"": -53}"
16070,1,24.37,71.51,802,ok,ok,ok,2026-09-03T14:14:17.192584+00:00,2026-09-03T14:14:17.289805+00:00,"{""co2_ppm"": 802, ""humidity_rh"": 71.51446, ""node"": ""env_01"", ""sensor"": ""scd41_main"", ""temp_c"": 24.36713, ""type"": ""co2_temperature_humidity"", ""uptime_ms"": 1932940, ""wifi_rssi"": -54}"
16073,1,24.35,71.58,802,ok,ok,ok,2026-09-03T14:14:20.412670+00:00,2026-09-03T14:14:20.554664+00:00,"{""co2_ppm"": 802, ""humidity_rh"": 71.57549, ""node"": ""env_01"", ""sensor"": ""scd41_main"", ""temp_c"": 24.35378, ""type"": ""co2_temperature_humidity"", ""uptime_ms"": 1937980, ""wifi_rssi"": -54}"
16076,1,24.37,71.55,802,ok,ok,ok,2026-09-03T14:14:25.517604+00:00,2026-09-03T14:14:25.604927+00:00,"{""co2_ppm"": 802, ""humidity_rh"": 71.54955, ""node"": ""env_01"", ""sensor"": ""scd41_main"", ""temp_c"": 24.3698, ""type"": ""co2_temperature_humidity"", ""uptime_ms"": 1943020, ""wifi_rssi"": -53}"
16079,1,24.35,71.58,801,ok,ok,ok,2026-09-03T14:14:30.577753+00:00,2026-09-03T14:14:30.710536+00:00,"{""co2_ppm"": 801, ""humidity_rh"": 71.58465, ""node"": ""env_01"", ""sensor"": ""scd41_main"", ""temp_c"": 24.35378, ""type"": ""co2_temperature_humidity"", ""uptime_ms"": 1948060, ""wifi_rssi"": -54}"
16082,1,24.35,71.60,803,ok,ok,ok,2026-09-03T14:14:35.667984+00:00,2026-09-03T14:14:35.835789+00:00,"{""co2_ppm"": 803, ""humidity_rh"": 71.60296, ""node"": ""env_01"", ""sensor"": ""scd41_main"", ""temp_c"": 24.35378, ""type"": ""co2_temperature_humidity"", ""uptime_ms"": 1953062, ""wifi_rssi"": -54}"
16085,1,24.36,71.63,803,ok,ok,ok,2026-09-03T14:14:40.648120+00:00,2026-09-03T14:14:40.769807+00:00,"{""co2_ppm"": 803, ""humidity_rh"": 71.62585, ""node"": ""env_01"", ""sensor"": ""scd41_main"", ""temp_c"": 24.36179, ""type"": ""co2_temperature_humidity"", ""uptime_ms"": 1958102, ""wifi_rssi"": -54}"
16088,1,24.36,71.66,804,ok,ok,ok,2026-09-03T14:14:45.543812+00:00,2026-09-03T14:14:45.649525+00:00,"{""co2_ppm"": 804, ""humidity_rh"": 71.66247, ""node"": ""env_01"", ""sensor"": ""scd41_main"", ""temp_c"": 24.35912, ""type"": ""co2_temperature_humidity"", ""uptime_ms"": 1963142, ""wifi_rssi"": -54}"
16091,1,24.37,71.65,802,ok,ok,ok,2026-09-03T14:14:50.772635+00:00,2026-09-03T14:14:50.881095+00:00,"{""co2_ppm"": 802, ""humidity_rh"": 71.64874, ""node"": ""env_01"", ""sensor"": ""scd41_main"", ""temp_c"": 24.3698, ""type"": ""co2_temperature_humidity"", ""uptime_ms"": 1968182, ""wifi_rssi"": -63}"
16094,1,24.36,71.70,802,ok,ok,ok,2026-09-03T14:14:55.647663+00:00,2026-09-03T14:14:55.744737+00:00,"{""co2_ppm"": 802, ""humidity_rh"": 71.69909, ""node"": ""env_01"", ""sensor"": ""scd41_main"", ""temp_c"": 24.35912, ""type"": ""co2_temperature_humidity"", ""uptime_ms"": 1973222, ""wifi_rssi"": -60}"
16097,1,24.35,71.72,803,ok,ok,ok,2026-09-03T14:15:00.903019+00:00,2026-09-03T14:15:01.114898+00:00,"{""co2_ppm"": 803, ""humidity_rh"": 71.72045, ""node"": ""env_01"", ""sensor"": ""scd41_main"", ""temp_c"": 24.35378, ""type"": ""co2_temperature_humidity"", ""uptime_ms"": 1978262, ""wifi_rssi"": -62}"
16100,1,24.35,71.68,805,ok,ok,ok,2026-09-03T14:15:05.474698+00:00,2026-09-03T14:15:05.629797+00:00,"{""co2_ppm"": 805, ""humidity_rh"": 71.68383, ""node"": ""env_01"", ""sensor"": ""scd41_main"", ""temp_c"": 24.35378, ""type"": ""co2_temperature_humidity"", ""uptime_ms"": 1983264, ""wifi_rssi"": -57}"
16103,1,24.37,71.75,806,ok,ok,ok,2026-09-03T14:15:10.517419+00:00,2026-09-03T14:15:10.685246+00:00,"{""co2_ppm"": 806, ""humidity_rh"": 71.74639, ""node"": ""env_01"", ""sensor"": ""scd41_main"", ""temp_c"": 24.37247, ""type"": ""co2_temperature_humidity"", ""uptime_ms"": 1988304, ""wifi_rssi"": -64}"
16106,1,24.35,71.70,805,ok,ok,ok,2026-09-03T14:15:15.557629+00:00,2026-09-03T14:15:15.654545+00:00,"{""co2_ppm"": 805, ""humidity_rh"": 71.70367, ""node"": ""env_01"", ""sensor"": ""scd41_main"", ""temp_c"": 24.35111, ""type"": ""co2_temperature_humidity"", ""uptime_ms"": 1993344, ""wifi_rssi"": -59}"
16109,1,24.34,71.72,805,ok,ok,ok,2026-09-03T14:15:20.602679+00:00,2026-09-03T14:15:20.779916+00:00,"{""co2_ppm"": 805, ""humidity_rh"": 71.71587, ""node"": ""env_01"", ""sensor"": ""scd41_main"", ""temp_c"": 24.3431, ""type"": ""co2_temperature_humidity"", ""uptime_ms"": 1998384, ""wifi_rssi"": -66}"
16112,1,24.34,71.74,804,ok,ok,ok,2026-09-03T14:15:25.642429+00:00,2026-09-03T14:15:25.729440+00:00,"{""co2_ppm"": 804, ""humidity_rh"": 71.73571, ""node"": ""env_01"", ""sensor"": ""scd41_main"", ""temp_c"": 24.34043, ""type"": ""co2_temperature_humidity"", ""uptime_ms"": 2003424, ""wifi_rssi"": -61}"
16115,1,24.37,71.69,802,ok,ok,ok,2026-09-03T14:15:30.678947+00:00,2026-09-03T14:15:30.840850+00:00,"{""co2_ppm"": 802, ""humidity_rh"": 71.69451, ""node"": ""env_01"", ""sensor"": ""scd41_main"", ""temp_c"": 24.36713, ""type"": ""co2_temperature_humidity"", ""uptime_ms"": 2008464, ""wifi_rssi"": -60}"
16118,1,24.36,71.76,802,ok,ok,ok,2026-09-03T14:15:35.677338+00:00,2026-09-03T14:15:35.785505+00:00,"{""co2_ppm"": 802, ""humidity_rh"": 71.76013, ""node"": ""env_01"", ""sensor"": ""scd41_main"", ""temp_c"": 24.36446, ""type"": ""co2_temperature_humidity"", ""uptime_ms"": 2013466, ""wifi_rssi"": -61}"
16121,1,24.34,71.79,801,ok,ok,ok,2026-09-03T14:15:40.719743+00:00,2026-09-03T14:15:40.835512+00:00,"{""co2_ppm"": 801, ""humidity_rh"": 71.78912, ""node"": ""env_01"", ""sensor"": ""scd41_main"", ""temp_c"": 24.34043, ""type"": ""co2_temperature_humidity"", ""uptime_ms"": 2018506, ""wifi_rssi"": -59}"
16124,1,24.36,71.84,801,ok,ok,ok,2026-09-03T14:15:45.756360+00:00,2026-09-03T14:15:45.859951+00:00,"{""co2_ppm"": 801, ""humidity_rh"": 71.841, ""node"": ""env_01"", ""sensor"": ""scd41_main"", ""temp_c"": 24.36446, ""type"": ""co2_temperature_humidity"", ""uptime_ms"": 2023546, ""wifi_rssi"": -59}"
16127,1,24.34,71.86,801,ok,ok,ok,2026-09-03T14:15:50.785546+00:00,2026-09-03T14:15:50.985780+00:00,"{""co2_ppm"": 801, ""humidity_rh"": 71.86084, ""node"": ""env_01"", ""sensor"": ""scd41_main"", ""temp_c"": 24.34043, ""type"": ""co2_temperature_humidity"", ""uptime_ms"": 2028575, ""wifi_rssi"": -60}"
16130,1,24.35,71.86,801,ok,ok,ok,2026-09-03T14:15:55.825349+00:00,2026-09-03T14:15:55.914751+00:00,"{""co2_ppm"": 801, ""humidity_rh"": 71.86389, ""node"": ""env_01"", ""sensor"": ""scd41_main"", ""temp_c"": 24.35378, ""type"": ""co2_temperature_humidity"", ""uptime_ms"": 2033615, ""wifi_rssi"": -59}"
16133,1,24.36,71.93,801,ok,ok,ok,2026-09-03T14:16:00.866920+00:00,2026-09-03T14:16:01.114903+00:00,"{""co2_ppm"": 801, ""humidity_rh"": 71.93103, ""node"": ""env_01"", ""sensor"": ""scd41_main"", ""temp_c"": 24.36446, ""type"": ""co2_temperature_humidity"", ""uptime_ms"": 2038655, ""wifi_rssi"": -61}"
16136,1,24.36,71.93,801,ok,ok,ok,2026-09-03T14:16:05.867366+00:00,2026-09-03T14:16:05.955022+00:00,"{""co2_ppm"": 801, ""humidity_rh"": 71.93256, ""node"": ""env_01"", ""sensor"": ""scd41_main"", ""temp_c"": 24.35912, ""type"": ""co2_temperature_humidity"", ""uptime_ms"": 2043657, ""wifi_rssi"": -60}"
16139,1,24.35,71.98,800,ok,ok,ok,2026-09-03T14:16:10.907223+00:00,2026-09-03T14:16:11.109771+00:00,"{""co2_ppm"": 800, ""humidity_rh"": 71.97528, ""node"": ""env_01"", ""sensor"": ""scd41_main"", ""temp_c"": 24.34844, ""type"": ""co2_temperature_humidity"", ""uptime_ms"": 2048697, ""wifi_rssi"": -57}"
16142,1,24.37,71.97,799,ok,ok,ok,2026-09-03T14:16:15.949427+00:00,2026-09-03T14:16:16.060498+00:00,"{""co2_ppm"": 799, ""humidity_rh"": 71.97375, ""node"": ""env_01"", ""sensor"": ""scd41_main"", ""temp_c"": 24.36713, ""type"": ""co2_temperature_humidity"", ""uptime_ms"": 2053737, ""wifi_rssi"": -58}"
16145,1,24.34,71.99,798,ok,ok,ok,2026-09-03T14:16:20.988559+00:00,2026-09-03T14:16:21.174724+00:00,"{""co2_ppm"": 798, ""humidity_rh"": 71.98596, ""node"": ""env_01"", ""sensor"": ""scd41_main"", ""temp_c"": 24.3431, ""type"": ""co2_temperature_humidity"", ""uptime_ms"": 2058777, ""wifi_rssi"": -59}"
16148,1,24.35,71.98,799,ok,ok,ok,2026-09-03T14:16:26.027176+00:00,2026-09-03T14:16:26.114571+00:00,"{""co2_ppm"": 799, ""humidity_rh"": 71.98138, ""node"": ""env_01"", ""sensor"": ""scd41_main"", ""temp_c"": 24.35378, ""type"": ""co2_temperature_humidity"", ""uptime_ms"": 2063817, ""wifi_rssi"": -57}"
16151,1,24.34,72.02,798,ok,ok,ok,2026-09-03T14:16:31.067164+00:00,2026-09-03T14:16:31.174673+00:00,"{""co2_ppm"": 798, ""humidity_rh"": 72.02258, ""node"": ""env_01"", ""sensor"": ""scd41_main"", ""temp_c"": 24.3431, ""type"": ""co2_temperature_humidity"", ""uptime_ms"": 2068857, ""wifi_rssi"": -59}"
16154,1,24.35,72.03,798,ok,ok,ok,2026-09-03T14:16:36.070410+00:00,2026-09-03T14:16:36.164571+00:00,"{""co2_ppm"": 798, ""humidity_rh"": 72.03479, ""node"": ""env_01"", ""sensor"": ""scd41_main"", ""temp_c"": 24.35378, ""type"": ""co2_temperature_humidity"", ""uptime_ms"": 2073859, ""wifi_rssi"": -55}"
16157,1,24.35,72.10,798,ok,ok,ok,2026-09-03T14:16:41.108744+00:00,2026-09-03T14:16:41.194564+00:00,"{""co2_ppm"": 798, ""humidity_rh"": 72.09735, ""node"": ""env_01"", ""sensor"": ""scd41_main"", ""temp_c"": 24.35378, ""type"": ""co2_temperature_humidity"", ""uptime_ms"": 2078899, ""wifi_rssi"": -57}"
16160,1,24.34,72.08,798,ok,ok,ok,2026-09-03T14:16:46.148784+00:00,2026-09-03T14:16:46.244853+00:00,"{""co2_ppm"": 798, ""humidity_rh"": 72.07751, ""node"": ""env_01"", ""sensor"": ""scd41_main"", ""temp_c"": 24.34043, ""type"": ""co2_temperature_humidity"", ""uptime_ms"": 2083939, ""wifi_rssi"": -59}"
16163,1,24.35,72.14,798,ok,ok,ok,2026-09-03T14:16:51.189961+00:00,2026-09-03T14:16:51.279583+00:00,"{""co2_ppm"": 798, ""humidity_rh"": 72.1355, ""node"": ""env_01"", ""sensor"": ""scd41_main"", ""temp_c"": 24.35111, ""type"": ""co2_temperature_humidity"", ""uptime_ms"": 2088979, ""wifi_rssi"": -58}"
16166,1,24.36,72.12,799,ok,ok,ok,2026-09-03T14:16:56.230140+00:00,2026-09-03T14:16:56.314763+00:00,"{""co2_ppm"": 799, ""humidity_rh"": 72.12177, ""node"": ""env_01"", ""sensor"": ""scd41_main"", ""temp_c"": 24.35912, ""type"": ""co2_temperature_humidity"", ""uptime_ms"": 2094019, ""wifi_rssi"": -56}"
16169,1,24.35,72.16,801,ok,ok,ok,2026-09-03T14:17:01.270038+00:00,2026-09-03T14:17:01.385776+00:00,"{""co2_ppm"": 801, ""humidity_rh"": 72.15686, ""node"": ""env_01"", ""sensor"": ""scd41_main"", ""temp_c"": 24.34577, ""type"": ""co2_temperature_humidity"", ""uptime_ms"": 2099059, ""wifi_rssi"": -59}"
16172,1,24.36,72.17,800,ok,ok,ok,2026-09-03T14:17:06.270451+00:00,2026-09-03T14:17:06.379725+00:00,"{""co2_ppm"": 800, ""humidity_rh"": 72.16907, ""node"": ""env_01"", ""sensor"": ""scd41_main"", ""temp_c"": 24.35645, ""type"": ""co2_temperature_humidity"", ""uptime_ms"": 2104061, ""wifi_rssi"": -55}"
16175,1,24.35,72.24,803,ok,ok,ok,2026-09-03T14:17:11.310343+00:00,2026-09-03T14:17:11.394771+00:00,"{""co2_ppm"": 803, ""humidity_rh"": 72.24231, ""node"": ""env_01"", ""sensor"": ""scd41_main"", ""temp_c"": 24.35378, ""type"": ""co2_temperature_humidity"", ""uptime_ms"": 2109101, ""wifi_rssi"": -57}"
16178,1,24.38,72.25,803,ok,ok,ok,2026-09-03T14:17:16.457388+00:00,2026-09-03T14:17:16.539888+00:00,"{""co2_ppm"": 803, ""humidity_rh"": 72.24689, ""node"": ""env_01"", ""sensor"": ""scd41_main"", ""temp_c"": 24.37781, ""type"": ""co2_temperature_humidity"", ""uptime_ms"": 2114141, ""wifi_rssi"": -57}"
16181,1,24.33,72.24,804,ok,ok,ok,2026-09-03T14:17:21.432125+00:00,2026-09-03T14:17:21.549601+00:00,"{""co2_ppm"": 804, ""humidity_rh"": 72.24384, ""node"": ""env_01"", ""sensor"": ""scd41_main"", ""temp_c"": 24.33242, ""type"": ""co2_temperature_humidity"", ""uptime_ms"": 2119170, ""wifi_rssi"": -59}"
16184,1,24.34,72.32,803,ok,ok,ok,2026-09-03T14:17:26.457284+00:00,2026-09-03T14:17:26.554773+00:00,"{""co2_ppm"": 803, ""humidity_rh"": 72.32471, ""node"": ""env_01"", ""sensor"": ""scd41_main"", ""temp_c"": 24.33509, ""type"": ""co2_temperature_humidity"", ""uptime_ms"": 2124210, ""wifi_rssi"": -56}"
16187,1,24.34,72.31,801,ok,ok,ok,2026-09-03T14:17:31.493744+00:00,2026-09-03T14:17:31.589568+00:00,"{""co2_ppm"": 801, ""humidity_rh"": 72.31403, ""node"": ""env_01"", ""sensor"": ""scd41_main"", ""temp_c"": 24.33776, ""type"": ""co2_temperature_humidity"", ""uptime_ms"": 2129250, ""wifi_rssi"": -58}"
16190,1,24.33,72.33,799,ok,ok,ok,2026-09-03T14:17:36.542282+00:00,2026-09-03T14:17:36.634802+00:00,"{""co2_ppm"": 799, ""humidity_rh"": 72.32624, ""node"": ""env_01"", ""sensor"": ""scd41_main"", ""temp_c"": 24.33242, ""type"": ""co2_temperature_humidity"", ""uptime_ms"": 2134252, ""wifi_rssi"": -57}"
16193,1,24.32,72.34,797,ok,ok,ok,2026-09-03T14:17:41.622020+00:00,2026-09-03T14:17:41.739551+00:00,"{""co2_ppm"": 797, ""humidity_rh"": 72.34303, ""node"": ""env_01"", ""sensor"": ""scd41_main"", ""temp_c"": 24.3164, ""type"": ""co2_temperature_humidity"", ""uptime_ms"": 2139292, ""wifi_rssi"": -57}"
16196,1,24.32,72.36,799,ok,ok,ok,2026-09-03T14:17:46.677764+00:00,2026-09-03T14:17:46.774870+00:00,"{""co2_ppm"": 799, ""humidity_rh"": 72.36134, ""node"": ""env_01"", ""sensor"": ""scd41_main"", ""temp_c"": 24.3164, ""type"": ""co2_temperature_humidity"", ""uptime_ms"": 2144332, ""wifi_rssi"": -57}"
16199,1,24.34,72.40,798,ok,ok,ok,2026-09-03T14:17:51.741868+00:00,2026-09-03T14:17:51.834433+00:00,"{""co2_ppm"": 798, ""humidity_rh"": 72.39643, ""node"": ""env_01"", ""sensor"": ""scd41_main"", ""temp_c"": 24.33509, ""type"": ""co2_temperature_humidity"", ""uptime_ms"": 2149372, ""wifi_rssi"": -56}"
16202,1,24.34,72.45,797,ok,ok,ok,2026-09-03T14:17:56.786935+00:00,2026-09-03T14:17:56.879665+00:00,"{""co2_ppm"": 797, ""humidity_rh"": 72.45441, ""node"": ""env_01"", ""sensor"": ""scd41_main"", ""temp_c"": 24.3431, ""type"": ""co2_temperature_humidity"", ""uptime_ms"": 2154412, ""wifi_rssi"": -60}"
16205,1,24.33,72.46,797,ok,ok,ok,2026-09-03T14:18:01.906667+00:00,2026-09-03T14:18:02.028504+00:00,"{""co2_ppm"": 797, ""humidity_rh"": 72.46052, ""node"": ""env_01"", ""sensor"": ""scd41_main"", ""temp_c"": 24.33242, ""type"": ""co2_temperature_humidity"", ""uptime_ms"": 2159452, ""wifi_rssi"": -61}"
16208,1,24.34,72.49,795,ok,ok,ok,2026-09-03T14:18:06.662507+00:00,2026-09-03T14:18:06.849810+00:00,"{""co2_ppm"": 795, ""humidity_rh"": 72.49104, ""node"": ""env_01"", ""sensor"": ""scd41_main"", ""temp_c"": 24.3431, ""type"": ""co2_temperature_humidity"", ""uptime_ms"": 2164454, ""wifi_rssi"": -61}"
16211,1,24.34,72.49,795,ok,ok,ok,2026-09-03T14:18:07.767001+00:00,2026-09-03T14:18:07.894569+00:00,"{""co2"": 795, ""humidity"": 72.49104, ""node"": ""env_01"", ""temperature"": 24.3431, ""uptime_ms"": 2164467, ""wifi_rssi"": -61}"
16214,1,24.33,72.52,795,ok,ok,ok,2026-09-03T14:18:11.704506+00:00,2026-09-03T14:18:11.794614+00:00,"{""co2_ppm"": 795, ""humidity_rh"": 72.51545, ""node"": ""env_01"", ""sensor"": ""scd41_main"", ""temp_c"": 24.33242, ""type"": ""co2_temperature_humidity"", ""uptime_ms"": 2169494, ""wifi_rssi"": -60}"
16217,1,24.33,72.52,795,ok,ok,ok,2026-09-03T14:18:12.711670+00:00,2026-09-03T14:18:12.936365+00:00,"{""co2"": 795, ""humidity"": 72.51545, ""node"": ""env_01"", ""temperature"": 24.33242, ""uptime_ms"": 2169507, ""wifi_rssi"": -60}"
16220,1,24.32,72.52,795,ok,ok,ok,2026-09-03T14:18:16.743996+00:00,2026-09-03T14:18:16.914566+00:00,"{""co2_ppm"": 795, ""humidity_rh"": 72.52308, ""node"": ""env_01"", ""sensor"": ""scd41_main"", ""temp_c"": 24.3164, ""type"": ""co2_temperature_humidity"", ""uptime_ms"": 2174534, ""wifi_rssi"": -59}"
16223,1,24.35,72.54,797,ok,ok,ok,2026-09-03T14:18:21.782212+00:00,2026-09-03T14:18:21.864970+00:00,"{""co2_ppm"": 797, ""humidity_rh"": 72.53529, ""node"": ""env_01"", ""sensor"": ""scd41_main"", ""temp_c"": 24.34577, ""type"": ""co2_temperature_humidity"", ""uptime_ms"": 2179574, ""wifi_rssi"": -62}"
16226,1,24.36,72.60,797,ok,ok,ok,2026-09-03T14:18:26.822296+00:00,2026-09-03T14:18:26.909916+00:00,"{""co2_ppm"": 797, ""humidity_rh"": 72.59785, ""node"": ""env_01"", ""sensor"": ""scd41_main"", ""temp_c"": 24.36179, ""type"": ""co2_temperature_humidity"", ""uptime_ms"": 2184614, ""wifi_rssi"": -62}"
16229,1,24.34,72.60,798,ok,ok,ok,2026-09-03T14:18:31.862077+00:00,2026-09-03T14:18:31.975636+00:00,"{""co2_ppm"": 798, ""humidity_rh"": 72.59937, ""node"": ""env_01"", ""sensor"": ""scd41_main"", ""temp_c"": 24.3431, ""type"": ""co2_temperature_humidity"", ""uptime_ms"": 2189654, ""wifi_rssi"": -62}"
16232,1,24.33,72.58,797,ok,ok,ok,2026-09-03T14:18:36.865557+00:00,2026-09-03T14:18:36.969586+00:00,"{""co2_ppm"": 797, ""humidity_rh"": 72.57954, ""node"": ""env_01"", ""sensor"": ""scd41_main"", ""temp_c"": 24.32975, ""type"": ""co2_temperature_humidity"", ""uptime_ms"": 2194656, ""wifi_rssi"": -68}"
16235,1,24.36,72.65,796,ok,ok,ok,2026-09-03T14:18:41.903924+00:00,2026-09-03T14:18:41.974384+00:00,"{""co2_ppm"": 796, ""humidity_rh"": 72.64668, ""node"": ""env_01"", ""sensor"": ""scd41_main"", ""temp_c"": 24.35645, ""type"": ""co2_temperature_humidity"", ""uptime_ms"": 2199696, ""wifi_rssi"": -61}"
16238,1,24.34,72.64,794,ok,ok,ok,2026-09-03T14:18:46.944595+00:00,2026-09-03T14:18:47.124405+00:00,"{""co2_ppm"": 794, ""humidity_rh"": 72.64362, ""node"": ""env_01"", ""sensor"": ""scd41_main"", ""temp_c"": 24.3431, ""type"": ""co2_temperature_humidity"", ""uptime_ms"": 2204736, ""wifi_rssi"": -60}"
16241,1,24.34,72.67,793,ok,ok,ok,2026-09-03T14:18:51.988975+00:00,2026-09-03T14:18:52.154573+00:00,"{""co2_ppm"": 793, ""humidity_rh"": 72.66651, ""node"": ""env_01"", ""sensor"": ""scd41_main"", ""temp_c"": 24.33509, ""type"": ""co2_temperature_humidity"", ""uptime_ms"": 2209776, ""wifi_rssi"": -64}"
16244,1,24.33,72.70,793,ok,ok,ok,2026-09-03T14:18:57.025381+00:00,2026-09-03T14:18:57.179691+00:00,"{""co2_ppm"": 793, ""humidity_rh"": 72.6955, ""node"": ""env_01"", ""sensor"": ""scd41_main"", ""temp_c"": 24.33242, ""type"": ""co2_temperature_humidity"", ""uptime_ms"": 2214816, ""wifi_rssi"": -64}"
16247,1,24.34,72.69,792,ok,ok,ok,2026-09-03T14:19:02.070038+00:00,2026-09-03T14:19:02.290750+00:00,"{""co2_ppm"": 792, ""humidity_rh"": 72.69093, ""node"": ""env_01"", ""sensor"": ""scd41_main"", ""temp_c"": 24.34043, ""type"": ""co2_temperature_humidity"", ""uptime_ms"": 2219856, ""wifi_rssi"": -62}"
16250,1,24.33,72.70,789,ok,ok,ok,2026-09-03T14:19:07.065638+00:00,2026-09-03T14:19:07.274908+00:00,"{""co2_ppm"": 789, ""humidity_rh"": 72.70466, ""node"": ""env_01"", ""sensor"": ""scd41_main"", ""temp_c"": 24.33242, ""type"": ""co2_temperature_humidity"", ""uptime_ms"": 2224858, ""wifi_rssi"": -62}"
16253,1,24.33,72.74,788,ok,ok,ok,2026-09-03T14:19:12.105453+00:00,2026-09-03T14:19:12.304973+00:00,"{""co2_ppm"": 788, ""humidity_rh"": 72.73975, ""node"": ""env_01"", ""sensor"": ""scd41_main"", ""temp_c"": 24.33242, ""type"": ""co2_temperature_humidity"", ""uptime_ms"": 2229898, ""wifi_rssi"": -60}"
16256,1,24.33,72.76,788,ok,ok,ok,2026-09-03T14:19:17.145346+00:00,2026-09-03T14:19:17.339696+00:00,"{""co2_ppm"": 788, ""humidity_rh"": 72.76112, ""node"": ""env_01"", ""sensor"": ""scd41_main"", ""temp_c"": 24.32708, ""type"": ""co2_temperature_humidity"", ""uptime_ms"": 2234938, ""wifi_rssi"": -59}"
16259,1,24.32,72.76,787,ok,ok,ok,2026-09-03T14:19:22.185841+00:00,2026-09-03T14:19:22.400632+00:00,"{""co2_ppm"": 787, ""humidity_rh"": 72.75807, ""node"": ""env_01"", ""sensor"": ""scd41_main"", ""temp_c"": 24.3164, ""type"": ""co2_temperature_humidity"", ""uptime_ms"": 2239978, ""wifi_rssi"": -63}"
16262,1,24.31,72.83,784,ok,ok,ok,2026-09-03T14:19:27.232449+00:00,2026-09-03T14:19:27.400010+00:00,"{""co2_ppm"": 784, ""humidity_rh"": 72.82521, ""node"": ""env_01"", ""sensor"": ""scd41_main"", ""temp_c"": 24.30838, ""type"": ""co2_temperature_humidity"", ""uptime_ms"": 2245018, ""wifi_rssi"": -67}"
16265,1,24.32,72.79,783,ok,ok,ok,2026-09-03T14:19:32.266836+00:00,2026-09-03T14:19:32.449497+00:00,"{""co2_ppm"": 783, ""humidity_rh"": 72.79469, ""node"": ""env_01"", ""sensor"": ""scd41_main"", ""temp_c"": 24.3164, ""type"": ""co2_temperature_humidity"", ""uptime_ms"": 2250058, ""wifi_rssi"": -65}"
16268,1,24.32,72.82,783,ok,ok,ok,2026-09-03T14:19:37.267194+00:00,2026-09-03T14:19:37.360371+00:00,"{""co2_ppm"": 783, ""humidity_rh"": 72.82063, ""node"": ""env_01"", ""sensor"": ""scd41_main"", ""temp_c"": 24.3164, ""type"": ""co2_temperature_humidity"", ""uptime_ms"": 2255060, ""wifi_rssi"": -66}"
16271,1,24.33,72.86,782,ok,ok,ok,2026-09-03T14:19:42.308726+00:00,2026-09-03T14:19:42.479573+00:00,"{""co2_ppm"": 782, ""humidity_rh"": 72.85725, ""node"": ""env_01"", ""sensor"": ""scd41_main"", ""temp_c"": 24.33242, ""type"": ""co2_temperature_humidity"", ""uptime_ms"": 2260100, ""wifi_rssi"": -64}"
16274,1,24.32,72.84,783,ok,ok,ok,2026-09-03T14:19:47.366601+00:00,2026-09-03T14:19:47.539621+00:00,"{""co2_ppm"": 783, ""humidity_rh"": 72.83894, ""node"": ""env_01"", ""sensor"": ""scd41_main"", ""temp_c"": 24.3164, ""type"": ""co2_temperature_humidity"", ""uptime_ms"": 2265140, ""wifi_rssi"": -64}"
16277,1,24.34,72.86,783,ok,ok,ok,2026-09-03T14:19:52.387014+00:00,2026-09-03T14:19:52.584546+00:00,"{""co2_ppm"": 783, ""humidity_rh"": 72.86031, ""node"": ""env_01"", ""sensor"": ""scd41_main"", ""temp_c"": 24.3431, ""type"": ""co2_temperature_humidity"", ""uptime_ms"": 2270180, ""wifi_rssi"": -66}"
16280,1,24.33,72.87,781,ok,ok,ok,2026-09-03T14:19:57.431638+00:00,2026-09-03T14:19:57.624593+00:00,"{""co2_ppm"": 781, ""humidity_rh"": 72.86794, ""node"": ""env_01"", ""sensor"": ""scd41_main"", ""temp_c"": 24.32975, ""type"": ""co2_temperature_humidity"", ""uptime_ms"": 2275220, ""wifi_rssi"": -67}"
16283,1,24.31,72.91,782,ok,ok,ok,2026-09-03T14:20:02.469666+00:00,2026-09-03T14:20:02.675766+00:00,"{""co2_ppm"": 782, ""humidity_rh"": 72.90608, ""node"": ""env_01"", ""sensor"": ""scd41_main"", ""temp_c"": 24.30838, ""type"": ""co2_temperature_humidity"", ""uptime_ms"": 2280260, ""wifi_rssi"": -66}"
16286,1,24.34,72.90,782,ok,ok,ok,2026-09-03T14:20:07.560878+00:00,2026-09-03T14:20:07.721771+00:00,"{""co2_ppm"": 782, ""humidity_rh"": 72.89693, ""node"": ""env_01"", ""sensor"": ""scd41_main"", ""temp_c"": 24.3431, ""type"": ""co2_temperature_humidity"", ""uptime_ms"": 2285262, ""wifi_rssi"": -65}"
16289,1,24.33,72.95,781,ok,ok,ok,2026-09-03T14:20:12.665847+00:00,2026-09-03T14:20:12.839801+00:00,"{""co2_ppm"": 781, ""humidity_rh"": 72.94881, ""node"": ""env_01"", ""sensor"": ""scd41_main"", ""temp_c"": 24.32975, ""type"": ""co2_temperature_humidity"", ""uptime_ms"": 2290302, ""wifi_rssi"": -71}"
16292,1,24.34,72.97,783,ok,ok,ok,2026-09-03T14:20:17.670892+00:00,2026-09-03T14:20:17.784667+00:00,"{""co2_ppm"": 783, ""humidity_rh"": 72.97322, ""node"": ""env_01"", ""sensor"": ""scd41_main"", ""temp_c"": 24.33509, ""type"": ""co2_temperature_humidity"", ""uptime_ms"": 2295342, ""wifi_rssi"": -65}"
16295,1,24.33,72.97,783,ok,ok,ok,2026-09-03T14:20:22.736957+00:00,2026-09-03T14:20:22.904873+00:00,"{""co2_ppm"": 783, ""humidity_rh"": 72.97475, ""node"": ""env_01"", ""sensor"": ""scd41_main"", ""temp_c"": 24.33242, ""type"": ""co2_temperature_humidity"", ""uptime_ms"": 2300382, ""wifi_rssi"": -71}"
16298,1,24.33,72.95,784,ok,ok,ok,2026-09-03T14:20:27.837104+00:00,2026-09-03T14:20:28.034554+00:00,"{""co2_ppm"": 784, ""humidity_rh"": 72.94881, ""node"": ""env_01"", ""sensor"": ""scd41_main"", ""temp_c"": 24.32975, ""type"": ""co2_temperature_humidity"", ""uptime_ms"": 2305422, ""wifi_rssi"": -65}"
16301,1,24.31,73.00,788,ok,ok,ok,2026-09-03T14:20:32.675774+00:00,2026-09-03T14:20:32.865281+00:00,"{""co2_ppm"": 788, ""humidity_rh"": 72.99611, ""node"": ""env_01"", ""sensor"": ""scd41_main"", ""temp_c"": 24.31105, ""type"": ""co2_temperature_humidity"", ""uptime_ms"": 2310462, ""wifi_rssi"": -65}"
16304,1,24.33,72.99,786,ok,ok,ok,2026-09-03T14:20:37.945641+00:00,2026-09-03T14:20:38.077875+00:00,"{""co2_ppm"": 786, ""humidity_rh"": 72.99458, ""node"": ""env_01"", ""sensor"": ""scd41_main"", ""temp_c"": 24.32975, ""type"": ""co2_temperature_humidity"", ""uptime_ms"": 2315464, ""wifi_rssi"": -77}"
16307,1,24.32,72.99,786,ok,ok,ok,2026-09-03T14:20:42.970660+00:00,2026-09-03T14:20:43.180080+00:00,"{""co2_ppm"": 786, ""humidity_rh"": 72.99001, ""node"": ""env_01"", ""sensor"": ""scd41_main"", ""temp_c"": 24.32174, ""type"": ""co2_temperature_humidity"", ""uptime_ms"": 2320504, ""wifi_rssi"": -71}"
16310,1,24.32,73.02,787,ok,ok,ok,2026-09-03T14:20:48.050912+00:00,2026-09-03T14:20:48.279994+00:00,"{""co2_ppm"": 787, ""humidity_rh"": 73.01747, ""node"": ""env_01"", ""sensor"": ""scd41_main"", ""temp_c"": 24.32174, ""type"": ""co2_temperature_humidity"", ""uptime_ms"": 2325544, ""wifi_rssi"": -73}"
16313,1,24.32,73.07,787,ok,ok,ok,2026-09-03T14:20:53.040851+00:00,2026-09-03T14:20:53.254827+00:00,"{""co2_ppm"": 787, ""humidity_rh"": 73.07393, ""node"": ""env_01"", ""sensor"": ""scd41_main"", ""temp_c"": 24.3164, ""type"": ""co2_temperature_humidity"", ""uptime_ms"": 2330584, ""wifi_rssi"": -66}"
16316,1,24.32,73.06,786,ok,ok,ok,2026-09-03T14:20:57.940533+00:00,2026-09-03T14:20:58.136793+00:00,"{""co2_ppm"": 786, ""humidity_rh"": 73.06172, ""node"": ""env_01"", ""sensor"": ""scd41_main"", ""temp_c"": 24.32174, ""type"": ""co2_temperature_humidity"", ""uptime_ms"": 2335624, ""wifi_rssi"": -65}"
16319,1,24.31,73.01,786,ok,ok,ok,2026-09-03T14:21:03.320876+00:00,2026-09-03T14:21:03.507166+00:00,"{""co2_ppm"": 786, ""humidity_rh"": 73.01442, ""node"": ""env_01"", ""sensor"": ""scd41_main"", ""temp_c"": 24.30838, ""type"": ""co2_temperature_humidity"", ""uptime_ms"": 2340664, ""wifi_rssi"": -75}"
16322,1,24.32,73.08,786,ok,ok,ok,2026-09-03T14:21:08.240628+00:00,2026-09-03T14:21:08.394678+00:00,"{""co2_ppm"": 786, ""humidity_rh"": 73.08308, ""node"": ""env_01"", ""sensor"": ""scd41_main"", ""temp_c"": 24.3164, ""type"": ""co2_temperature_humidity"", ""uptime_ms"": 2345666, ""wifi_rssi"": -74}"
16325,1,24.33,73.06,785,ok,ok,ok,2026-09-03T14:21:13.350816+00:00,2026-09-03T14:21:13.574694+00:00,"{""co2_ppm"": 785, ""humidity_rh"": 73.05867, ""node"": ""env_01"", ""sensor"": ""scd41_main"", ""temp_c"": 24.32708, ""type"": ""co2_temperature_humidity"", ""uptime_ms"": 2350706, ""wifi_rssi"": -72}"
16328,1,24.31,73.08,784,ok,ok,ok,2026-09-03T14:21:18.415432+00:00,2026-09-03T14:21:18.614517+00:00,"{""co2_ppm"": 784, ""humidity_rh"": 73.07698, ""node"": ""env_01"", ""sensor"": ""scd41_main"", ""temp_c"": 24.31105, ""type"": ""co2_temperature_humidity"", ""uptime_ms"": 2355746, ""wifi_rssi"": -68}"
16331,1,24.32,73.13,785,ok,ok,ok,2026-09-03T14:21:23.455336+00:00,2026-09-03T14:21:23.600287+00:00,"{""co2_ppm"": 785, ""humidity_rh"": 73.12733, ""node"": ""env_01"", ""sensor"": ""scd41_main"", ""temp_c"": 24.3164, ""type"": ""co2_temperature_humidity"", ""uptime_ms"": 2360786, ""wifi_rssi"": -80}"
16334,1,24.33,73.12,784,ok,ok,ok,2026-09-03T14:21:28.034383+00:00,2026-09-03T14:21:28.255329+00:00,"{""co2_ppm"": 784, ""humidity_rh"": 73.11971, ""node"": ""env_01"", ""sensor"": ""scd41_main"", ""temp_c"": 24.33242, ""type"": ""co2_temperature_humidity"", ""uptime_ms"": 2365826, ""wifi_rssi"": -75}"
16337,1,24.32,73.11,782,ok,ok,ok,2026-09-03T14:21:33.080789+00:00,2026-09-03T14:21:33.277258+00:00,"{""co2_ppm"": 782, ""humidity_rh"": 73.10902, ""node"": ""env_01"", ""sensor"": ""scd41_main"", ""temp_c"": 24.31907, ""type"": ""co2_temperature_humidity"", ""uptime_ms"": 2370866, ""wifi_rssi"": -78}"
16340,1,24.34,73.15,782,ok,ok,ok,2026-09-03T14:21:38.074548+00:00,2026-09-03T14:21:38.276306+00:00,"{""co2_ppm"": 782, ""humidity_rh"": 73.15022, ""node"": ""env_01"", ""sensor"": ""scd41_main"", ""temp_c"": 24.34043, ""type"": ""co2_temperature_humidity"", ""uptime_ms"": 2375868, ""wifi_rssi"": -67}"
16343,1,24.32,73.16,784,ok,ok,ok,2026-09-03T14:21:43.114950+00:00,2026-09-03T14:21:43.284876+00:00,"{""co2_ppm"": 784, ""humidity_rh"": 73.16396, ""node"": ""env_01"", ""sensor"": ""scd41_main"", ""temp_c"": 24.3164, ""type"": ""co2_temperature_humidity"", ""uptime_ms"": 2380908, ""wifi_rssi"": -71}"
16346,1,24.32,73.17,785,ok,ok,ok,2026-09-03T14:21:48.158640+00:00,2026-09-03T14:21:48.344659+00:00,"{""co2_ppm"": 785, ""humidity_rh"": 73.16853, ""node"": ""env_01"", ""sensor"": ""scd41_main"", ""temp_c"": 24.32441, ""type"": ""co2_temperature_humidity"", ""uptime_ms"": 2385948, ""wifi_rssi"": -70}"
16349,1,24.31,73.18,786,ok,ok,ok,2026-09-03T14:21:53.194441+00:00,2026-09-03T14:21:53.334703+00:00,"{""co2_ppm"": 786, ""humidity_rh"": 73.17769, ""node"": ""env_01"", ""sensor"": ""scd41_main"", ""temp_c"": 24.30838, ""type"": ""co2_temperature_humidity"", ""uptime_ms"": 2390988, ""wifi_rssi"": -64}"
16352,1,24.32,73.13,786,ok,ok,ok,2026-09-03T14:21:58.233285+00:00,2026-09-03T14:21:58.400018+00:00,"{""co2_ppm"": 786, ""humidity_rh"": 73.13496, ""node"": ""env_01"", ""sensor"": ""scd41_main"", ""temp_c"": 24.31907, ""type"": ""co2_temperature_humidity"", ""uptime_ms"": 2396028, ""wifi_rssi"": -60}"
16355,1,24.34,73.20,787,ok,ok,ok,2026-09-03T14:22:03.273185+00:00,2026-09-03T14:22:03.494867+00:00,"{""co2_ppm"": 787, ""humidity_rh"": 73.196, ""node"": ""env_01"", ""sensor"": ""scd41_main"", ""temp_c"": 24.34043, ""type"": ""co2_temperature_humidity"", ""uptime_ms"": 2401068, ""wifi_rssi"": -65}"
16358,1,24.31,73.20,788,ok,ok,ok,2026-09-03T14:22:08.316363+00:00,2026-09-03T14:22:08.514494+00:00,"{""co2_ppm"": 788, ""humidity_rh"": 73.19753, ""node"": ""env_01"", ""sensor"": ""scd41_main"", ""temp_c"": 24.30571, ""type"": ""co2_temperature_humidity"", ""uptime_ms"": 2406109, ""wifi_rssi"": -64}"
16361,1,24.32,73.22,788,ok,ok,ok,2026-09-03T14:22:13.356643+00:00,2026-09-03T14:22:13.549395+00:00,"{""co2_ppm"": 788, ""humidity_rh"": 73.21736, ""node"": ""env_01"", ""sensor"": ""scd41_main"", ""temp_c"": 24.31907, ""type"": ""co2_temperature_humidity"", ""uptime_ms"": 2411149, ""wifi_rssi"": -68}"
16364,1,24.33,73.18,788,ok,ok,ok,2026-09-03T14:22:18.396237+00:00,2026-09-03T14:22:18.569756+00:00,"{""co2_ppm"": 788, ""humidity_rh"": 73.18227, ""node"": ""env_01"", ""sensor"": ""scd41_main"", ""temp_c"": 24.33242, ""type"": ""co2_temperature_humidity"", ""uptime_ms"": 2416189, ""wifi_rssi"": -70}"
16367,1,24.30,73.23,787,ok,ok,ok,2026-09-03T14:22:23.438925+00:00,2026-09-03T14:22:23.634740+00:00,"{""co2_ppm"": 787, ""humidity_rh"": 73.22804, ""node"": ""env_01"", ""sensor"": ""scd41_main"", ""temp_c"": 24.30037, ""type"": ""co2_temperature_humidity"", ""uptime_ms"": 2421229, ""wifi_rssi"": -66}"
16370,1,24.32,73.26,786,ok,ok,ok,2026-09-03T14:22:28.479343+00:00,2026-09-03T14:22:28.664598+00:00,"{""co2_ppm"": 786, ""humidity_rh"": 73.26009, ""node"": ""env_01"", ""sensor"": ""scd41_main"", ""temp_c"": 24.32174, ""type"": ""co2_temperature_humidity"", ""uptime_ms"": 2426269, ""wifi_rssi"": -68}"
16373,1,24.30,73.24,787,ok,ok,ok,2026-09-03T14:22:33.479210+00:00,2026-09-03T14:22:33.654538+00:00,"{""co2_ppm"": 787, ""humidity_rh"": 73.23872, ""node"": ""env_01"", ""sensor"": ""scd41_main"", ""temp_c"": 24.29503, ""type"": ""co2_temperature_humidity"", ""uptime_ms"": 2431271, ""wifi_rssi"": -66}"
16376,1,24.32,73.23,788,ok,ok,ok,2026-09-03T14:22:38.520060+00:00,2026-09-03T14:22:38.709537+00:00,"{""co2_ppm"": 788, ""humidity_rh"": 73.23109, ""node"": ""env_01"", ""sensor"": ""scd41_main"", ""temp_c"": 24.32441, ""type"": ""co2_temperature_humidity"", ""uptime_ms"": 2436311, ""wifi_rssi"": -66}"
16379,1,24.33,73.25,787,ok,ok,ok,2026-09-03T14:22:43.557940+00:00,2026-09-03T14:22:43.739736+00:00,"{""co2_ppm"": 787, ""humidity_rh"": 73.24788, ""node"": ""env_01"", ""sensor"": ""scd41_main"", ""temp_c"": 24.32708, ""type"": ""co2_temperature_humidity"", ""uptime_ms"": 2441351, ""wifi_rssi"": -66}"
16382,1,24.33,73.26,787,ok,ok,ok,2026-09-03T14:22:48.599014+00:00,2026-09-03T14:22:48.739689+00:00,"{""co2_ppm"": 787, ""humidity_rh"": 73.25704, ""node"": ""env_01"", ""sensor"": ""scd41_main"", ""temp_c"": 24.32708, ""type"": ""co2_temperature_humidity"", ""uptime_ms"": 2446391, ""wifi_rssi"": -64}"
16385,1,24.28,73.26,787,ok,ok,ok,2026-09-03T14:22:53.641103+00:00,2026-09-03T14:22:53.809750+00:00,"{""co2_ppm"": 787, ""humidity_rh"": 73.26315, ""node"": ""env_01"", ""sensor"": ""scd41_main"", ""temp_c"": 24.28435, ""type"": ""co2_temperature_humidity"", ""uptime_ms"": 2451431, ""wifi_rssi"": -63}"
16388,1,24.31,73.29,784,ok,ok,ok,2026-09-03T14:22:58.680838+00:00,2026-09-03T14:22:58.854726+00:00,"{""co2_ppm"": 784, ""humidity_rh"": 73.28756, ""node"": ""env_01"", ""sensor"": ""scd41_main"", ""temp_c"": 24.30571, ""type"": ""co2_temperature_humidity"", ""uptime_ms"": 2456471, ""wifi_rssi"": -63}"
16391,1,24.34,73.28,783,ok,ok,ok,2026-09-03T14:23:03.677350+00:00,2026-09-03T14:23:03.821540+00:00,"{""co2_ppm"": 783, ""humidity_rh"": 73.27535, ""node"": ""env_01"", ""sensor"": ""scd41_main"", ""temp_c"": 24.3431, ""type"": ""co2_temperature_humidity"", ""uptime_ms"": 2461473, ""wifi_rssi"": -61}"
16394,1,24.31,73.31,784,ok,ok,ok,2026-09-03T14:23:08.720435+00:00,2026-09-03T14:23:08.830115+00:00,"{""co2_ppm"": 784, ""humidity_rh"": 73.31045, ""node"": ""env_01"", ""sensor"": ""scd41_main"", ""temp_c"": 24.31373, ""type"": ""co2_temperature_humidity"", ""uptime_ms"": 2466513, ""wifi_rssi"": -63}"
16397,1,24.32,73.25,784,ok,ok,ok,2026-09-03T14:23:13.758753+00:00,2026-09-03T14:23:13.944802+00:00,"{""co2_ppm"": 784, ""humidity_rh"": 73.25246, ""node"": ""env_01"", ""sensor"": ""scd41_main"", ""temp_c"": 24.31907, ""type"": ""co2_temperature_humidity"", ""uptime_ms"": 2471553, ""wifi_rssi"": -67}"
16400,1,24.31,73.30,783,ok,ok,ok,2026-09-03T14:23:18.797568+00:00,2026-09-03T14:23:18.940229+00:00,"{""co2_ppm"": 783, ""humidity_rh"": 73.29671, ""node"": ""env_01"", ""sensor"": ""scd41_main"", ""temp_c"": 24.30571, ""type"": ""co2_temperature_humidity"", ""uptime_ms"": 2476593, ""wifi_rssi"": -64}"
16403,1,24.31,73.30,786,ok,ok,ok,2026-09-03T14:23:23.855075+00:00,2026-09-03T14:23:24.029822+00:00,"{""co2_ppm"": 786, ""humidity_rh"": 73.30129, ""node"": ""env_01"", ""sensor"": ""scd41_main"", ""temp_c"": 24.31373, ""type"": ""co2_temperature_humidity"", ""uptime_ms"": 2481633, ""wifi_rssi"": -63}"
16406,1,24.34,73.30,786,ok,ok,ok,2026-09-03T14:23:28.890554+00:00,2026-09-03T14:23:29.024662+00:00,"{""co2_ppm"": 786, ""humidity_rh"": 73.29824, ""node"": ""env_01"", ""sensor"": ""scd41_main"", ""temp_c"": 24.33509, ""type"": ""co2_temperature_humidity"", ""uptime_ms"": 2486673, ""wifi_rssi"": -64}"
16409,1,24.33,73.29,785,ok,ok,ok,2026-09-03T14:23:33.960524+00:00,2026-09-03T14:23:34.114895+00:00,"{""co2_ppm"": 785, ""humidity_rh"": 73.29214, ""node"": ""env_01"", ""sensor"": ""scd41_main"", ""temp_c"": 24.32975, ""type"": ""co2_temperature_humidity"", ""uptime_ms"": 2491714, ""wifi_rssi"": -65}"
16412,1,24.33,73.33,786,ok,ok,ok,2026-09-03T14:23:39.026779+00:00,2026-09-03T14:23:39.154640+00:00,"{""co2_ppm"": 786, ""humidity_rh"": 73.32723, ""node"": ""env_01"", ""sensor"": ""scd41_main"", ""temp_c"": 24.32975, ""type"": ""co2_temperature_humidity"", ""uptime_ms"": 2496754, ""wifi_rssi"": -62}"
16415,1,24.33,73.33,784,ok,ok,ok,2026-09-03T14:23:44.129857+00:00,2026-09-03T14:23:44.304663+00:00,"{""co2_ppm"": 784, ""humidity_rh"": 73.33486, ""node"": ""env_01"", ""sensor"": ""scd41_main"", ""temp_c"": 24.33242, ""type"": ""co2_temperature_humidity"", ""uptime_ms"": 2501794, ""wifi_rssi"": -62}"
16418,1,24.32,73.33,781,ok,ok,ok,2026-09-03T14:23:49.174729+00:00,2026-09-03T14:23:49.369707+00:00,"{""co2_ppm"": 781, ""humidity_rh"": 73.32571, ""node"": ""env_01"", ""sensor"": ""scd41_main"", ""temp_c"": 24.31907, ""type"": ""co2_temperature_humidity"", ""uptime_ms"": 2506834, ""wifi_rssi"": -63}"
16421,1,24.31,73.35,782,ok,ok,ok,2026-09-03T14:23:54.079168+00:00,2026-09-03T14:23:54.180188+00:00,"{""co2_ppm"": 782, ""humidity_rh"": 73.34707, ""node"": ""env_01"", ""sensor"": ""scd41_main"", ""temp_c"": 24.31105, ""type"": ""co2_temperature_humidity"", ""uptime_ms"": 2511874, ""wifi_rssi"": -62}"
16424,1,24.32,73.35,783,ok,ok,ok,2026-09-03T14:23:59.119606+00:00,2026-09-03T14:23:59.219711+00:00,"{""co2_ppm"": 783, ""humidity_rh"": 73.35012, ""node"": ""env_01"", ""sensor"": ""scd41_main"", ""temp_c"": 24.32174, ""type"": ""co2_temperature_humidity"", ""uptime_ms"": 2516914, ""wifi_rssi"": -64}"
16427,1,24.30,73.37,783,ok,ok,ok,2026-09-03T14:24:04.324767+00:00,2026-09-03T14:24:04.424535+00:00,"{""co2_ppm"": 783, ""humidity_rh"": 73.37148, ""node"": ""env_01"", ""sensor"": ""scd41_main"", ""temp_c"": 24.30037, ""type"": ""co2_temperature_humidity"", ""uptime_ms"": 2521916, ""wifi_rssi"": -61}"
16430,1,24.31,73.38,783,ok,ok,ok,2026-09-03T14:24:09.239667+00:00,2026-09-03T14:24:09.340163+00:00,"{""co2_ppm"": 783, ""humidity_rh"": 73.37759, ""node"": ""env_01"", ""sensor"": ""scd41_main"", ""temp_c"": 24.30571, ""type"": ""co2_temperature_humidity"", ""uptime_ms"": 2526956, ""wifi_rssi"": -65}"
16433,1,24.33,73.34,784,ok,ok,ok,2026-09-03T14:24:14.299626+00:00,2026-09-03T14:24:14.399715+00:00,"{""co2_ppm"": 784, ""humidity_rh"": 73.33639, ""node"": ""env_01"", ""sensor"": ""scd41_main"", ""temp_c"": 24.32975, ""type"": ""co2_temperature_humidity"", ""uptime_ms"": 2531996, ""wifi_rssi"": -60}"
16436,1,24.32,73.38,783,ok,ok,ok,2026-09-03T14:24:19.319555+00:00,2026-09-03T14:24:19.421279+00:00,"{""co2_ppm"": 783, ""humidity_rh"": 73.38064, ""node"": ""env_01"", ""sensor"": ""scd41_main"", ""temp_c"": 24.3164, ""type"": ""co2_temperature_humidity"", ""uptime_ms"": 2537036, ""wifi_rssi"": -61}"
16439,1,24.31,73.34,782,ok,ok,ok,2026-09-03T14:24:24.404692+00:00,2026-09-03T14:24:24.499938+00:00,"{""co2_ppm"": 782, ""humidity_rh"": 73.33791, ""node"": ""env_01"", ""sensor"": ""scd41_main"", ""temp_c"": 24.31105, ""type"": ""co2_temperature_humidity"", ""uptime_ms"": 2542065, ""wifi_rssi"": -56}"
16442,1,24.32,73.34,782,ok,ok,ok,2026-09-03T14:24:29.439524+00:00,2026-09-03T14:24:29.544703+00:00,"{""co2_ppm"": 782, ""humidity_rh"": 73.34402, ""node"": ""env_01"", ""sensor"": ""scd41_main"", ""temp_c"": 24.3164, ""type"": ""co2_temperature_humidity"", ""uptime_ms"": 2547105, ""wifi_rssi"": -55}"
16445,1,24.29,73.37,783,ok,ok,ok,2026-09-03T14:24:34.524610+00:00,2026-09-03T14:24:34.614854+00:00,"{""co2_ppm"": 783, ""humidity_rh"": 73.36843, ""node"": ""env_01"", ""sensor"": ""scd41_main"", ""temp_c"": 24.28969, ""type"": ""co2_temperature_humidity"", ""uptime_ms"": 2552107, ""wifi_rssi"": -57}"
16448,1,24.34,73.39,781,ok,ok,ok,2026-09-03T14:24:39.554504+00:00,2026-09-03T14:24:39.644456+00:00,"{""co2_ppm"": 781, ""humidity_rh"": 73.39285, ""node"": ""env_01"", ""sensor"": ""scd41_main"", ""temp_c"": 24.3431, ""type"": ""co2_temperature_humidity"", ""uptime_ms"": 2557147, ""wifi_rssi"": -57}"
16451,1,24.30,73.36,781,ok,ok,ok,2026-09-03T14:24:44.644481+00:00,2026-09-03T14:24:44.745325+00:00,"{""co2_ppm"": 781, ""humidity_rh"": 73.3608, ""node"": ""env_01"", ""sensor"": ""scd41_main"", ""temp_c"": 24.30304, ""type"": ""co2_temperature_humidity"", ""uptime_ms"": 2562187, ""wifi_rssi"": -61}"
16454,1,24.30,73.38,780,ok,ok,ok,2026-09-03T14:24:49.431875+00:00,2026-09-03T14:24:49.520298+00:00,"{""co2_ppm"": 780, ""humidity_rh"": 73.38216, ""node"": ""env_01"", ""sensor"": ""scd41_main"", ""temp_c"": 24.2977, ""type"": ""co2_temperature_humidity"", ""uptime_ms"": 2567227, ""wifi_rssi"": -60}"
16457,1,24.33,73.39,778,ok,ok,ok,2026-09-03T14:24:54.471086+00:00,2026-09-03T14:24:54.569692+00:00,"{""co2_ppm"": 778, ""humidity_rh"": 73.38979, ""node"": ""env_01"", ""sensor"": ""scd41_main"", ""temp_c"": 24.33242, ""type"": ""co2_temperature_humidity"", ""uptime_ms"": 2572267, ""wifi_rssi"": -60}"
16460,1,24.32,73.40,777,ok,ok,ok,2026-09-03T14:24:59.510245+00:00,2026-09-03T14:24:59.595484+00:00,"{""co2_ppm"": 777, ""humidity_rh"": 73.39742, ""node"": ""env_01"", ""sensor"": ""scd41_main"", ""temp_c"": 24.31907, ""type"": ""co2_temperature_humidity"", ""uptime_ms"": 2577307, ""wifi_rssi"": -59}"
16463,1,24.29,73.41,777,ok,ok,ok,2026-09-03T14:25:04.515441+00:00,2026-09-03T14:25:04.674750+00:00,"{""co2_ppm"": 777, ""humidity_rh"": 73.41268, ""node"": ""env_01"", ""sensor"": ""scd41_main"", ""temp_c"": 24.29236, ""type"": ""co2_temperature_humidity"", ""uptime_ms"": 2582309, ""wifi_rssi"": -65}"
16466,1,24.33,73.37,775,ok,ok,ok,2026-09-03T14:25:09.552986+00:00,2026-09-03T14:25:09.680150+00:00,"{""co2_ppm"": 775, ""humidity_rh"": 73.37301, ""node"": ""env_01"", ""sensor"": ""scd41_main"", ""temp_c"": 24.32975, ""type"": ""co2_temperature_humidity"", ""uptime_ms"": 2587349, ""wifi_rssi"": -63}"
16469,1,24.33,73.39,776,ok,ok,ok,2026-09-03T14:25:14.593280+00:00,2026-09-03T14:25:14.694623+00:00,"{""co2_ppm"": 776, ""humidity_rh"": 73.39132, ""node"": ""env_01"", ""sensor"": ""scd41_main"", ""temp_c"": 24.32975, ""type"": ""co2_temperature_humidity"", ""uptime_ms"": 2592389, ""wifi_rssi"": -66}"
16472,1,24.31,73.43,775,ok,ok,ok,2026-09-03T14:25:19.633243+00:00,2026-09-03T14:25:19.729659+00:00,"{""co2_ppm"": 775, ""humidity_rh"": 73.42947, ""node"": ""env_01"", ""sensor"": ""scd41_main"", ""temp_c"": 24.31105, ""type"": ""co2_temperature_humidity"", ""uptime_ms"": 2597429, ""wifi_rssi"": -65}"
16475,1,24.32,73.42,775,ok,ok,ok,2026-09-03T14:25:24.673692+00:00,2026-09-03T14:25:24.794692+00:00,"{""co2_ppm"": 775, ""humidity_rh"": 73.41573, ""node"": ""env_01"", ""sensor"": ""scd41_main"", ""temp_c"": 24.31907, ""type"": ""co2_temperature_humidity"", ""uptime_ms"": 2602469, ""wifi_rssi"": -70}"
16478,1,24.33,73.46,774,ok,ok,ok,2026-09-03T14:25:29.714742+00:00,2026-09-03T14:25:29.899769+00:00,"{""co2_ppm"": 774, ""humidity_rh"": 73.45541, ""node"": ""env_01"", ""sensor"": ""scd41_main"", ""temp_c"": 24.32708, ""type"": ""co2_temperature_humidity"", ""uptime_ms"": 2607509, ""wifi_rssi"": -66}"
16481,1,24.32,73.42,775,ok,ok,ok,2026-09-03T14:25:34.727733+00:00,2026-09-03T14:25:34.939667+00:00,"{""co2_ppm"": 775, ""humidity_rh"": 73.41726, ""node"": ""env_01"", ""sensor"": ""scd41_main"", ""temp_c"": 24.3164, ""type"": ""co2_temperature_humidity"", ""uptime_ms"": 2612511, ""wifi_rssi"": -71}"
16484,1,24.33,73.44,776,ok,ok,ok,2026-09-03T14:25:39.757494+00:00,2026-09-03T14:25:39.959608+00:00,"{""co2_ppm"": 776, ""humidity_rh"": 73.4432, ""node"": ""env_01"", ""sensor"": ""scd41_main"", ""temp_c"": 24.33242, ""type"": ""co2_temperature_humidity"", ""uptime_ms"": 2617551, ""wifi_rssi"": -67}"
16487,1,24.32,73.44,777,ok,ok,ok,2026-09-03T14:25:44.797993+00:00,2026-09-03T14:25:44.889492+00:00,"{""co2_ppm"": 777, ""humidity_rh"": 73.43557, ""node"": ""env_01"", ""sensor"": ""scd41_main"", ""temp_c"": 24.3164, ""type"": ""co2_temperature_humidity"", ""uptime_ms"": 2622591, ""wifi_rssi"": -67}"
16490,1,24.34,73.47,777,ok,ok,ok,2026-09-03T14:25:49.835830+00:00,2026-09-03T14:25:49.929521+00:00,"{""co2_ppm"": 777, ""humidity_rh"": 73.46914, ""node"": ""env_01"", ""sensor"": ""scd41_main"", ""temp_c"": 24.33509, ""type"": ""co2_temperature_humidity"", ""uptime_ms"": 2627631, ""wifi_rssi"": -70}"
16493,1,24.31,73.46,778,ok,ok,ok,2026-09-03T14:25:54.875577+00:00,2026-09-03T14:25:54.964657+00:00,"{""co2_ppm"": 778, ""humidity_rh"": 73.45846, ""node"": ""env_01"", ""sensor"": ""scd41_main"", ""temp_c"": 24.30571, ""type"": ""co2_temperature_humidity"", ""uptime_ms"": 2632671, ""wifi_rssi"": -66}"
16496,1,24.33,73.46,777,ok,ok,ok,2026-09-03T14:25:59.915092+00:00,2026-09-03T14:25:59.994533+00:00,"{""co2_ppm"": 777, ""humidity_rh"": 73.45541, ""node"": ""env_01"", ""sensor"": ""scd41_main"", ""temp_c"": 24.32708, ""type"": ""co2_temperature_humidity"", ""uptime_ms"": 2637711, ""wifi_rssi"": -70}"
16499,1,24.32,73.47,777,ok,ok,ok,2026-09-03T14:26:04.916779+00:00,2026-09-03T14:26:05.074496+00:00,"{""co2_ppm"": 777, ""humidity_rh"": 73.47066, ""node"": ""env_01"", ""sensor"": ""scd41_main"", ""temp_c"": 24.3164, ""type"": ""co2_temperature_humidity"", ""uptime_ms"": 2642713, ""wifi_rssi"": -65}"
16502,1,24.33,73.48,777,ok,ok,ok,2026-09-03T14:26:09.956965+00:00,2026-09-03T14:26:10.049530+00:00,"{""co2_ppm"": 777, ""humidity_rh"": 73.47982, ""node"": ""env_01"", ""sensor"": ""scd41_main"", ""temp_c"": 24.33242, ""type"": ""co2_temperature_humidity"", ""uptime_ms"": 2647753, ""wifi_rssi"": -66}"
16505,1,24.31,73.47,777,ok,ok,ok,2026-09-03T14:26:14.995522+00:00,2026-09-03T14:26:15.204674+00:00,"{""co2_ppm"": 777, ""humidity_rh"": 73.47372, ""node"": ""env_01"", ""sensor"": ""scd41_main"", ""temp_c"": 24.31105, ""type"": ""co2_temperature_humidity"", ""uptime_ms"": 2652793, ""wifi_rssi"": -63}"
16508,1,24.32,73.49,777,ok,ok,ok,2026-09-03T14:26:20.036376+00:00,2026-09-03T14:26:20.224594+00:00,"{""co2_ppm"": 777, ""humidity_rh"": 73.48745, ""node"": ""env_01"", ""sensor"": ""scd41_main"", ""temp_c"": 24.31907, ""type"": ""co2_temperature_humidity"", ""uptime_ms"": 2657833, ""wifi_rssi"": -65}"
16511,1,24.33,73.51,778,ok,ok,ok,2026-09-03T14:26:25.079402+00:00,2026-09-03T14:26:25.174627+00:00,"{""co2_ppm"": 778, ""humidity_rh"": 73.50881, ""node"": ""env_01"", ""sensor"": ""scd41_main"", ""temp_c"": 24.32975, ""type"": ""co2_temperature_humidity"", ""uptime_ms"": 2662873, ""wifi_rssi"": -68}"
16514,1,24.34,73.52,777,ok,ok,ok,2026-09-03T14:26:30.118815+00:00,2026-09-03T14:26:30.214624+00:00,"{""co2_ppm"": 777, ""humidity_rh"": 73.51797, ""node"": ""env_01"", ""sensor"": ""scd41_main"", ""temp_c"": 24.3431, ""type"": ""co2_temperature_humidity"", ""uptime_ms"": 2667913, ""wifi_rssi"": -77}"
16517,1,24.34,73.57,778,ok,ok,ok,2026-09-03T14:26:35.122370+00:00,2026-09-03T14:26:35.209445+00:00,"{""co2_ppm"": 778, ""humidity_rh"": 73.56527, ""node"": ""env_01"", ""sensor"": ""scd41_main"", ""temp_c"": 24.34043, ""type"": ""co2_temperature_humidity"", ""uptime_ms"": 2672915, ""wifi_rssi"": -64}"
16520,1,24.32,73.52,778,ok,ok,ok,2026-09-03T14:26:40.165040+00:00,2026-09-03T14:26:40.370499+00:00,"{""co2_ppm"": 778, ""humidity_rh"": 73.52407, ""node"": ""env_01"", ""sensor"": ""scd41_main"", ""temp_c"": 24.31907, ""type"": ""co2_temperature_humidity"", ""uptime_ms"": 2677955, ""wifi_rssi"": -71}"
16523,1,24.32,73.54,777,ok,ok,ok,2026-09-03T14:26:45.198276+00:00,2026-09-03T14:26:45.304686+00:00,"{""co2_ppm"": 777, ""humidity_rh"": 73.54086, ""node"": ""env_01"", ""sensor"": ""scd41_main"", ""temp_c"": 24.31907, ""type"": ""co2_temperature_humidity"", ""uptime_ms"": 2682995, ""wifi_rssi"": -70}"
16526,1,24.32,73.57,777,ok,ok,ok,2026-09-03T14:26:50.238151+00:00,2026-09-03T14:26:50.334716+00:00,"{""co2_ppm"": 777, ""humidity_rh"": 73.57442, ""node"": ""env_01"", ""sensor"": ""scd41_main"", ""temp_c"": 24.32441, ""type"": ""co2_temperature_humidity"", ""uptime_ms"": 2688035, ""wifi_rssi"": -66}"
16529,1,24.32,73.59,777,ok,ok,ok,2026-09-03T14:26:55.278142+00:00,2026-09-03T14:26:55.379651+00:00,"{""co2_ppm"": 777, ""humidity_rh"": 73.58511, ""node"": ""env_01"", ""sensor"": ""scd41_main"", ""temp_c"": 24.32174, ""type"": ""co2_temperature_humidity"", ""uptime_ms"": 2693075, ""wifi_rssi"": -58}"
16532,1,24.31,73.57,777,ok,ok,ok,2026-09-03T14:27:00.319547+00:00,2026-09-03T14:27:00.419729+00:00,"{""co2_ppm"": 777, ""humidity_rh"": 73.57442, ""node"": ""env_01"", ""sensor"": ""scd41_main"", ""temp_c"": 24.30838, ""type"": ""co2_temperature_humidity"", ""uptime_ms"": 2698115, ""wifi_rssi"": -57}"
16535,1,24.34,73.60,777,ok,ok,ok,2026-09-03T14:27:05.321867+00:00,2026-09-03T14:27:05.409523+00:00,"{""co2_ppm"": 777, ""humidity_rh"": 73.59884, ""node"": ""env_01"", ""sensor"": ""scd41_main"", ""temp_c"": 24.3431, ""type"": ""co2_temperature_humidity"", ""uptime_ms"": 2703117, ""wifi_rssi"": -62}"
16538,1,24.31,73.48,775,ok,ok,ok,2026-09-03T14:27:10.609055+00:00,2026-09-03T14:27:10.799857+00:00,"{""co2_ppm"": 775, ""humidity_rh"": 73.47677, ""node"": ""env_01"", ""sensor"": ""scd41_main"", ""temp_c"": 24.30571, ""type"": ""co2_temperature_humidity"", ""uptime_ms"": 2708157, ""wifi_rssi"": -58}"
16541,1,24.31,72.92,775,ok,ok,ok,2026-09-03T14:27:15.408934+00:00,2026-09-03T14:27:15.499561+00:00,"{""co2_ppm"": 775, ""humidity_rh"": 72.91676, ""node"": ""env_01"", ""sensor"": ""scd41_main"", ""temp_c"": 24.30571, ""type"": ""co2_temperature_humidity"", ""uptime_ms"": 2713197, ""wifi_rssi"": -61}"
16544,1,24.27,72.21,775,ok,ok,ok,2026-09-03T14:27:20.494118+00:00,2026-09-03T14:27:20.630016+00:00,"{""co2_ppm"": 775, ""humidity_rh"": 72.21332, ""node"": ""env_01"", ""sensor"": ""scd41_main"", ""temp_c"": 24.26833, ""type"": ""co2_temperature_humidity"", ""uptime_ms"": 2718237, ""wifi_rssi"": -53}"
16547,1,24.28,71.72,774,ok,ok,ok,2026-09-03T14:27:25.528912+00:00,2026-09-03T14:27:25.622111+00:00,"{""co2_ppm"": 774, ""humidity_rh"": 71.71893, ""node"": ""env_01"", ""sensor"": ""scd41_main"", ""temp_c"": 24.28168, ""type"": ""co2_temperature_humidity"", ""uptime_ms"": 2723277, ""wifi_rssi"": -54}"
16550,1,24.28,71.22,771,ok,ok,ok,2026-09-03T14:27:30.673995+00:00,2026-09-03T14:27:30.834554+00:00,"{""co2_ppm"": 771, ""humidity_rh"": 71.21996, ""node"": ""env_01"", ""sensor"": ""scd41_main"", ""temp_c"": 24.28435, ""type"": ""co2_temperature_humidity"", ""uptime_ms"": 2728317, ""wifi_rssi"": -55}"
16553,1,24.27,70.90,768,ok,ok,ok,2026-09-03T14:27:35.698915+00:00,2026-09-03T14:27:35.800185+00:00,"{""co2_ppm"": 768, ""humidity_rh"": 70.90105, ""node"": ""env_01"", ""sensor"": ""scd41_main"", ""temp_c"": 24.26833, ""type"": ""co2_temperature_humidity"", ""uptime_ms"": 2733319, ""wifi_rssi"": -57}"
16556,1,24.28,70.53,765,ok,ok,ok,2026-09-03T14:27:40.918974+00:00,2026-09-03T14:27:41.154582+00:00,"{""co2_ppm"": 765, ""humidity_rh"": 70.53483, ""node"": ""env_01"", ""sensor"": ""scd41_main"", ""temp_c"": 24.27901, ""type"": ""co2_temperature_humidity"", ""uptime_ms"": 2738359, ""wifi_rssi"": -56}"
16559,1,24.28,70.20,762,ok,ok,ok,2026-09-03T14:27:45.804462+00:00,2026-09-03T14:27:45.909588+00:00,"{""co2_ppm"": 762, ""humidity_rh"": 70.19913, ""node"": ""env_01"", ""sensor"": ""scd41_main"", ""temp_c"": 24.28435, ""type"": ""co2_temperature_humidity"", ""uptime_ms"": 2743399, ""wifi_rssi"": -56}"
16562,1,24.25,69.94,760,ok,ok,ok,2026-09-03T14:27:50.858309+00:00,2026-09-03T14:27:50.949578+00:00,"{""co2_ppm"": 760, ""humidity_rh"": 69.93973, ""node"": ""env_01"", ""sensor"": ""scd41_main"", ""temp_c"": 24.25231, ""type"": ""co2_temperature_humidity"", ""uptime_ms"": 2748439, ""wifi_rssi"": -59}"
16565,1,24.27,69.71,758,ok,ok,ok,2026-09-03T14:27:55.913801+00:00,2026-09-03T14:27:56.004668+00:00,"{""co2_ppm"": 758, ""humidity_rh"": 69.70626, ""node"": ""env_01"", ""sensor"": ""scd41_main"", ""temp_c"": 24.271, ""type"": ""co2_temperature_humidity"", ""uptime_ms"": 2753479, ""wifi_rssi"": -60}"
16568,1,24.24,69.48,755,ok,ok,ok,2026-09-03T14:28:00.711292+00:00,2026-09-03T14:28:00.819687+00:00,"{""co2_ppm"": 755, ""humidity_rh"": 69.48043, ""node"": ""env_01"", ""sensor"": ""scd41_main"", ""temp_c"": 24.2443, ""type"": ""co2_temperature_humidity"", ""uptime_ms"": 2758508, ""wifi_rssi"": -63}"
16571,1,24.25,69.30,752,ok,ok,ok,2026-09-03T14:28:05.712386+00:00,2026-09-03T14:28:05.800122+00:00,"{""co2_ppm"": 752, ""humidity_rh"": 69.29733, ""node"": ""env_01"", ""sensor"": ""scd41_main"", ""temp_c"": 24.25231, ""type"": ""co2_temperature_humidity"", ""uptime_ms"": 2763510, ""wifi_rssi"": -60}"
16574,1,24.22,69.06,751,ok,ok,ok,2026-09-03T14:28:10.752576+00:00,2026-09-03T14:28:10.849696+00:00,"{""co2_ppm"": 751, ""humidity_rh"": 69.06386, ""node"": ""env_01"", ""sensor"": ""scd41_main"", ""temp_c"": 24.21759, ""type"": ""co2_temperature_humidity"", ""uptime_ms"": 2768550, ""wifi_rssi"": -60}"
16577,1,24.22,68.91,747,ok,ok,ok,2026-09-03T14:28:15.791181+00:00,2026-09-03T14:28:15.899684+00:00,"{""co2_ppm"": 747, ""humidity_rh"": 68.90822, ""node"": ""env_01"", ""sensor"": ""scd41_main"", ""temp_c"": 24.22293, ""type"": ""co2_temperature_humidity"", ""uptime_ms"": 2773590, ""wifi_rssi"": -57}"
16580,1,24.26,68.77,745,ok,ok,ok,2026-09-03T14:28:20.831206+00:00,2026-09-03T14:28:20.934524+00:00,"{""co2_ppm"": 745, ""humidity_rh"": 68.76936, ""node"": ""env_01"", ""sensor"": ""scd41_main"", ""temp_c"": 24.26032, ""type"": ""co2_temperature_humidity"", ""uptime_ms"": 2778630, ""wifi_rssi"": -59}"
16583,1,24.25,68.48,739,ok,ok,ok,2026-09-03T14:28:25.871613+00:00,2026-09-03T14:28:25.974440+00:00,"{""co2_ppm"": 739, ""humidity_rh"": 68.48096, ""node"": ""env_01"", ""sensor"": ""scd41_main"", ""temp_c"": 24.25498, ""type"": ""co2_temperature_humidity"", ""uptime_ms"": 2783670, ""wifi_rssi"": -62}"
16586,1,24.24,68.31,736,ok,ok,ok,2026-09-03T14:28:30.912107+00:00,2026-09-03T14:28:31.004690+00:00,"{""co2_ppm"": 736, ""humidity_rh"": 68.31312, ""node"": ""env_01"", ""sensor"": ""scd41_main"", ""temp_c"": 24.24163, ""type"": ""co2_temperature_humidity"", ""uptime_ms"": 2788710, ""wifi_rssi"": -64}"
16589,1,24.25,68.25,732,ok,ok,ok,2026-09-03T14:28:35.914875+00:00,2026-09-03T14:28:35.994521+00:00,"{""co2_ppm"": 732, ""humidity_rh"": 68.24597, ""node"": ""env_01"", ""sensor"": ""scd41_main"", ""temp_c"": 24.25498, ""type"": ""co2_temperature_humidity"", ""uptime_ms"": 2793712, ""wifi_rssi"": -64}"
16592,1,24.24,68.15,729,ok,ok,ok,2026-09-03T14:28:40.955564+00:00,2026-09-03T14:28:41.150593+00:00,"{""co2_ppm"": 729, ""humidity_rh"": 68.14984, ""node"": ""env_01"", ""sensor"": ""scd41_main"", ""temp_c"": 24.24163, ""type"": ""co2_temperature_humidity"", ""uptime_ms"": 2798752, ""wifi_rssi"": -61}"
16595,1,24.25,68.02,726,ok,ok,ok,2026-09-03T14:28:46.005625+00:00,2026-09-03T14:28:46.189623+00:00,"{""co2_ppm"": 726, ""humidity_rh"": 68.02014, ""node"": ""env_01"", ""sensor"": ""scd41_main"", ""temp_c"": 24.25231, ""type"": ""co2_temperature_humidity"", ""uptime_ms"": 2803792, ""wifi_rssi"": -69}"
16598,1,24.27,67.98,723,ok,ok,ok,2026-09-03T14:28:51.034749+00:00,2026-09-03T14:28:51.129539+00:00,"{""co2_ppm"": 723, ""humidity_rh"": 67.97894, ""node"": ""env_01"", ""sensor"": ""scd41_main"", ""temp_c"": 24.26833, ""type"": ""co2_temperature_humidity"", ""uptime_ms"": 2808832, ""wifi_rssi"": -58}"
16601,1,24.25,67.86,722,ok,ok,ok,2026-09-03T14:28:56.072793+00:00,2026-09-03T14:28:56.164726+00:00,"{""co2_ppm"": 722, ""humidity_rh"": 67.85687, ""node"": ""env_01"", ""sensor"": ""scd41_main"", ""temp_c"": 24.25231, ""type"": ""co2_temperature_humidity"", ""uptime_ms"": 2813872, ""wifi_rssi"": -62}"
16604,1,24.27,67.80,720,ok,ok,ok,2026-09-03T14:29:01.112819+00:00,2026-09-03T14:29:01.229691+00:00,"{""co2_ppm"": 720, ""humidity_rh"": 67.79889, ""node"": ""env_01"", ""sensor"": ""scd41_main"", ""temp_c"": 24.26566, ""type"": ""co2_temperature_humidity"", ""uptime_ms"": 2818912, ""wifi_rssi"": -64}"
16607,1,24.24,67.67,718,ok,ok,ok,2026-09-03T14:29:06.117296+00:00,2026-09-03T14:29:06.214834+00:00,"{""co2_ppm"": 718, ""humidity_rh"": 67.66918, ""node"": ""env_01"", ""sensor"": ""scd41_main"", ""temp_c"": 24.24163, ""type"": ""co2_temperature_humidity"", ""uptime_ms"": 2823914, ""wifi_rssi"": -67}"
16610,1,24.24,67.61,714,ok,ok,ok,2026-09-03T14:29:11.157731+00:00,2026-09-03T14:29:11.264634+00:00,"{""co2_ppm"": 714, ""humidity_rh"": 67.61425, ""node"": ""env_01"", ""sensor"": ""scd41_main"", ""temp_c"": 24.24163, ""type"": ""co2_temperature_humidity"", ""uptime_ms"": 2828954, ""wifi_rssi"": -64}"
16613,1,24.26,67.57,711,ok,ok,ok,2026-09-03T14:29:16.198286+00:00,2026-09-03T14:29:16.389509+00:00,"{""co2_ppm"": 711, ""humidity_rh"": 67.57458, ""node"": ""env_01"", ""sensor"": ""scd41_main"", ""temp_c"": 24.25765, ""type"": ""co2_temperature_humidity"", ""uptime_ms"": 2833994, ""wifi_rssi"": -63}"
16616,1,24.26,67.51,708,ok,ok,ok,2026-09-03T14:29:21.234701+00:00,2026-09-03T14:29:21.399971+00:00,"{""co2_ppm"": 708, ""humidity_rh"": 67.51049, ""node"": ""env_01"", ""sensor"": ""scd41_main"", ""temp_c"": 24.26299, ""type"": ""co2_temperature_humidity"", ""uptime_ms"": 2839034, ""wifi_rssi"": -59}"
16619,1,24.25,67.43,705,ok,ok,ok,2026-09-03T14:29:26.277651+00:00,2026-09-03T14:29:26.489535+00:00,"{""co2_ppm"": 705, ""humidity_rh"": 67.43114, ""node"": ""env_01"", ""sensor"": ""scd41_main"", ""temp_c"": 24.25231, ""type"": ""co2_temperature_humidity"", ""uptime_ms"": 2844074, ""wifi_rssi"": -58}"
16622,1,24.25,67.41,703,ok,ok,ok,2026-09-03T14:29:31.315283+00:00,2026-09-03T14:29:31.489499+00:00,"{""co2_ppm"": 703, ""humidity_rh"": 67.41283, ""node"": ""env_01"", ""sensor"": ""scd41_main"", ""temp_c"": 24.25498, ""type"": ""co2_temperature_humidity"", ""uptime_ms"": 2849114, ""wifi_rssi"": -60}"
16625,1,24.27,67.34,700,ok,ok,ok,2026-09-03T14:29:36.317248+00:00,2026-09-03T14:29:36.514641+00:00,"{""co2_ppm"": 700, ""humidity_rh"": 67.33807, ""node"": ""env_01"", ""sensor"": ""scd41_main"", ""temp_c"": 24.26566, ""type"": ""co2_temperature_humidity"", ""uptime_ms"": 2854116, ""wifi_rssi"": -55}"
16628,1,24.25,67.30,699,ok,ok,ok,2026-09-03T14:29:41.357464+00:00,2026-09-03T14:29:41.544727+00:00,"{""co2_ppm"": 699, ""humidity_rh"": 67.29687, ""node"": ""env_01"", ""sensor"": ""scd41_main"", ""temp_c"": 24.24697, ""type"": ""co2_temperature_humidity"", ""uptime_ms"": 2859156, ""wifi_rssi"": -64}"
16631,1,24.25,67.27,695,ok,ok,ok,2026-09-03T14:29:46.413640+00:00,2026-09-03T14:29:46.634637+00:00,"{""co2_ppm"": 695, ""humidity_rh"": 67.26788, ""node"": ""env_01"", ""sensor"": ""scd41_main"", ""temp_c"": 24.25498, ""type"": ""co2_temperature_humidity"", ""uptime_ms"": 2864196, ""wifi_rssi"": -57}"
16634,1,24.27,67.19,692,ok,ok,ok,2026-09-03T14:29:51.508616+00:00,2026-09-03T14:29:51.729537+00:00,"{""co2_ppm"": 692, ""humidity_rh"": 67.19157, ""node"": ""env_01"", ""sensor"": ""scd41_main"", ""temp_c"": 24.271, ""type"": ""co2_temperature_humidity"", ""uptime_ms"": 2869236, ""wifi_rssi"": -55}"
16637,1,24.28,67.19,689,ok,ok,ok,2026-09-03T14:29:56.553569+00:00,2026-09-03T14:29:56.680094+00:00,"{""co2_ppm"": 689, ""humidity_rh"": 67.18852, ""node"": ""env_01"", ""sensor"": ""scd41_main"", ""temp_c"": 24.28168, ""type"": ""co2_temperature_humidity"", ""uptime_ms"": 2874265, ""wifi_rssi"": -63}"
16640,1,24.30,67.17,686,ok,ok,ok,2026-09-03T14:30:01.664394+00:00,2026-09-03T14:30:01.771750+00:00,"{""co2_ppm"": 686, ""humidity_rh"": 67.16716, ""node"": ""env_01"", ""sensor"": ""scd41_main"", ""temp_c"": 24.2977, ""type"": ""co2_temperature_humidity"", ""uptime_ms"": 2879305, ""wifi_rssi"": -64}"
16643,1,24.27,67.20,685,ok,ok,ok,2026-09-03T14:30:06.708577+00:00,2026-09-03T14:30:06.904618+00:00,"{""co2_ppm"": 685, ""humidity_rh"": 67.20073, ""node"": ""env_01"", ""sensor"": ""scd41_main"", ""temp_c"": 24.26833, ""type"": ""co2_temperature_humidity"", ""uptime_ms"": 2884307, ""wifi_rssi"": -62}"
16646,1,24.29,67.10,681,ok,ok,ok,2026-09-03T14:30:11.703669+00:00,2026-09-03T14:30:11.889572+00:00,"{""co2_ppm"": 681, ""humidity_rh"": 67.09697, ""node"": ""env_01"", ""sensor"": ""scd41_main"", ""temp_c"": 24.28702, ""type"": ""co2_temperature_humidity"", ""uptime_ms"": 2889347, ""wifi_rssi"": -58}"
16649,1,24.30,67.08,679,ok,ok,ok,2026-09-03T14:30:16.783564+00:00,2026-09-03T14:30:16.869596+00:00,"{""co2_ppm"": 679, ""humidity_rh"": 67.08476, ""node"": ""env_01"", ""sensor"": ""scd41_main"", ""temp_c"": 24.30037, ""type"": ""co2_temperature_humidity"", ""uptime_ms"": 2894387, ""wifi_rssi"": -58}"
16652,1,24.27,67.06,676,ok,ok,ok,2026-09-03T14:30:21.834430+00:00,2026-09-03T14:30:22.024501+00:00,"{""co2_ppm"": 676, ""humidity_rh"": 67.05577, ""node"": ""env_01"", ""sensor"": ""scd41_main"", ""temp_c"": 24.26833, ""type"": ""co2_temperature_humidity"", ""uptime_ms"": 2899427, ""wifi_rssi"": -60}"
16655,1,24.28,67.07,674,ok,ok,ok,2026-09-03T14:30:26.898762+00:00,2026-09-03T14:30:27.089502+00:00,"{""co2_ppm"": 674, ""humidity_rh"": 67.07256, ""node"": ""env_01"", ""sensor"": ""scd41_main"", ""temp_c"": 24.27901, ""type"": ""co2_temperature_humidity"", ""uptime_ms"": 2904467, ""wifi_rssi"": -63}"
16658,1,24.29,67.09,672,ok,ok,ok,2026-09-03T14:30:31.764583+00:00,2026-09-03T14:30:31.881785+00:00,"{""co2_ppm"": 672, ""humidity_rh"": 67.08781, ""node"": ""env_01"", ""sensor"": ""scd41_main"", ""temp_c"": 24.28969, ""type"": ""co2_temperature_humidity"", ""uptime_ms"": 2909507, ""wifi_rssi"": -65}"
16661,1,24.29,67.06,672,ok,ok,ok,2026-09-03T14:30:36.813471+00:00,2026-09-03T14:30:36.994667+00:00,"{""co2_ppm"": 672, ""humidity_rh"": 67.06035, ""node"": ""env_01"", ""sensor"": ""scd41_main"", ""temp_c"": 24.28702, ""type"": ""co2_temperature_humidity"", ""uptime_ms"": 2914509, ""wifi_rssi"": -66}"
16664,1,24.29,67.06,669,ok,ok,ok,2026-09-03T14:30:42.038611+00:00,2026-09-03T14:30:42.209784+00:00,"{""co2_ppm"": 669, ""humidity_rh"": 67.06035, ""node"": ""env_01"", ""sensor"": ""scd41_main"", ""temp_c"": 24.28969, ""type"": ""co2_temperature_humidity"", ""uptime_ms"": 2919549, ""wifi_rssi"": -65}"
16667,1,24.29,67.12,666,ok,ok,ok,2026-09-03T14:30:47.134173+00:00,2026-09-03T14:30:47.324456+00:00,"{""co2_ppm"": 666, ""humidity_rh"": 67.11528, ""node"": ""env_01"", ""sensor"": ""scd41_main"", ""temp_c"": 24.28969, ""type"": ""co2_temperature_humidity"", ""uptime_ms"": 2924589, ""wifi_rssi"": -58}"
16670,1,24.30,67.17,664,ok,ok,ok,2026-09-03T14:30:52.123487+00:00,2026-09-03T14:30:52.214501+00:00,"{""co2_ppm"": 664, ""humidity_rh"": 67.16716, ""node"": ""env_01"", ""sensor"": ""scd41_main"", ""temp_c"": 24.29503, ""type"": ""co2_temperature_humidity"", ""uptime_ms"": 2929629, ""wifi_rssi"": -62}"
16673,1,24.29,67.13,661,ok,ok,ok,2026-09-03T14:30:57.228446+00:00,2026-09-03T14:30:57.431236+00:00,"{""co2_ppm"": 661, ""humidity_rh"": 67.13359, ""node"": ""env_01"", ""sensor"": ""scd41_main"", ""temp_c"": 24.28969, ""type"": ""co2_temperature_humidity"", ""uptime_ms"": 2934669, ""wifi_rssi"": -60}"
16676,1,24.31,67.16,659,ok,ok,ok,2026-09-03T14:31:02.344305+00:00,2026-09-03T14:31:02.560666+00:00,"{""co2_ppm"": 659, ""humidity_rh"": 67.15648, ""node"": ""env_01"", ""sensor"": ""scd41_main"", ""temp_c"": 24.30571, ""type"": ""co2_temperature_humidity"", ""uptime_ms"": 2939709, ""wifi_rssi"": -60}"
16679,1,24.31,67.14,657,ok,ok,ok,2026-09-03T14:31:06.912077+00:00,2026-09-03T14:31:07.084440+00:00,"{""co2_ppm"": 657, ""humidity_rh"": 67.13817, ""node"": ""env_01"", ""sensor"": ""scd41_main"", ""temp_c"": 24.30838, ""type"": ""co2_temperature_humidity"", ""uptime_ms"": 2944711, ""wifi_rssi"": -57}"
16682,1,24.32,67.18,656,ok,ok,ok,2026-09-03T14:31:11.951848+00:00,2026-09-03T14:31:12.124538+00:00,"{""co2_ppm"": 656, ""humidity_rh"": 67.17937, ""node"": ""env_01"", ""sensor"": ""scd41_main"", ""temp_c"": 24.32441, ""type"": ""co2_temperature_humidity"", ""uptime_ms"": 2949751, ""wifi_rssi"": -59}"
16685,1,24.29,67.23,656,ok,ok,ok,2026-09-03T14:31:16.990798+00:00,2026-09-03T14:31:17.179941+00:00,"{""co2_ppm"": 656, ""humidity_rh"": 67.23277, ""node"": ""env_01"", ""sensor"": ""scd41_main"", ""temp_c"": 24.28969, ""type"": ""co2_temperature_humidity"", ""uptime_ms"": 2954791, ""wifi_rssi"": -56}"
16688,1,24.30,67.23,654,ok,ok,ok,2026-09-03T14:31:22.034108+00:00,2026-09-03T14:31:22.204736+00:00,"{""co2_ppm"": 654, ""humidity_rh"": 67.22972, ""node"": ""env_01"", ""sensor"": ""scd41_main"", ""temp_c"": 24.30304, ""type"": ""co2_temperature_humidity"", ""uptime_ms"": 2959831, ""wifi_rssi"": -56}"
16691,1,24.29,67.28,653,ok,ok,ok,2026-09-03T14:31:27.070432+00:00,2026-09-03T14:31:27.264873+00:00,"{""co2_ppm"": 653, ""humidity_rh"": 67.27703, ""node"": ""env_01"", ""sensor"": ""scd41_main"", ""temp_c"": 24.29236, ""type"": ""co2_temperature_humidity"", ""uptime_ms"": 2964871, ""wifi_rssi"": -58}"
16694,1,24.30,67.30,650,ok,ok,ok,2026-09-03T14:31:32.110680+00:00,2026-09-03T14:31:32.209491+00:00,"{""co2_ppm"": 650, ""humidity_rh"": 67.30145, ""node"": ""env_01"", ""sensor"": ""scd41_main"", ""temp_c"": 24.30304, ""type"": ""co2_temperature_humidity"", ""uptime_ms"": 2969911, ""wifi_rssi"": -57}"
16697,1,24.31,67.28,649,ok,ok,ok,2026-09-03T14:31:37.112877+00:00,2026-09-03T14:31:37.314617+00:00,"{""co2_ppm"": 649, ""humidity_rh"": 67.28313, ""node"": ""env_01"", ""sensor"": ""scd41_main"", ""temp_c"": 24.30571, ""type"": ""co2_temperature_humidity"", ""uptime_ms"": 2974913, ""wifi_rssi"": -59}"
16700,1,24.30,67.33,648,ok,ok,ok,2026-09-03T14:31:42.152542+00:00,2026-09-03T14:31:42.265308+00:00,"{""co2_ppm"": 648, ""humidity_rh"": 67.32891, ""node"": ""env_01"", ""sensor"": ""scd41_main"", ""temp_c"": 24.30037, ""type"": ""co2_temperature_humidity"", ""uptime_ms"": 2979953, ""wifi_rssi"": -57}"
16703,1,24.30,67.37,646,ok,ok,ok,2026-09-03T14:31:47.192322+00:00,2026-09-03T14:31:47.384581+00:00,"{""co2_ppm"": 646, ""humidity_rh"": 67.36553, ""node"": ""env_01"", ""sensor"": ""scd41_main"", ""temp_c"": 24.2977, ""type"": ""co2_temperature_humidity"", ""uptime_ms"": 2984993, ""wifi_rssi"": -57}"
16706,1,24.31,67.41,644,ok,ok,ok,2026-09-03T14:31:52.232238+00:00,2026-09-03T14:31:52.344614+00:00,"{""co2_ppm"": 644, ""humidity_rh"": 67.40978, ""node"": ""env_01"", ""sensor"": ""scd41_main"", ""temp_c"": 24.30571, ""type"": ""co2_temperature_humidity"", ""uptime_ms"": 2990033, ""wifi_rssi"": -57}"
16709,1,24.30,67.42,644,ok,ok,ok,2026-09-03T14:31:57.272273+00:00,2026-09-03T14:31:57.424485+00:00,"{""co2_ppm"": 644, ""humidity_rh"": 67.41894, ""node"": ""env_01"", ""sensor"": ""scd41_main"", ""temp_c"": 24.30037, ""type"": ""co2_temperature_humidity"", ""uptime_ms"": 2995073, ""wifi_rssi"": -58}"
